Workbook
Name flag_pin_historical: #REF!
Name flag_pin_perc: #REF!
Name perc_1st_2nd: #REF!
Name perc_1st_3rd: #REF!
Name pin_perc: 'PiN Visuals'!$B$5:$F$16
Name sectors_sev_4: #REF!
Name sectors_sev_5: #REF!
Name zero_pin_thresh: #REF!

Sheet WS - 3.1 Overall PiN
R1: 5929291.6 | T1: 2606169 | U1: 1849891
A2: Location | E2: Populaton | G2: Sectoral PiN (Number)
A3: Admin 1 | B3: Admin 1 P-Code | C3: Admin 2 | D3: Admin 2 P-Code | E3: Population | F3: Population Group | G3: CCCM | H3: Education | I3: Early Recovery | J3: Food Security | K3: Heath | L3: Nutrition | M3: Overarching Protection | N3: Shelter | O3: WASH | P3: Severity | Q3: Preliminary PiN | R3: Final PiN | S3: Evidence & Comments | T3: Targeted | U3: Priority
A4: Adamawa | B4: NG002 | C4: Demsa | D4: NG002001 | E4: 285016 | G4: 16908 | H4: 18581 | I4: 0 | J4: 77315.095 | K4: 49898.766 | L4: 68632 | M4: 7510 | N4: 20943 | O4: 57504.497 | P4: 3 | Q4: 77315.095 | R4: 77315.095 | T4: 0 | U4: 0
A5: Adamawa | B5: NG002 | C5: Fufore | D5: NG002002 | E5: 443009 | G5: 7710 | H5: 40636.214 | I5: 0 | J5: 94554.224 | K5: 79161.571 | M5: 0 | N5: 40357 | O5: 0 | P5: 2 | Q5: 0 | R5: 0 | T5: 0 | U5: 0
A6: Adamawa | B6: NG002 | C6: Ganye | D6: NG002003 | E6: 310190 | G6: 816 | H6: 27494.619 | I6: 0 | J6: 70580.505 | K6: 54245.604 | M6: 0 | N6: 23503 | O6: 0 | P6: 2 | Q6: 0 | R6: 0 | T6: 0 | U6: 0
A7: Adamawa | B7: NG002 | C7: Girei | D7: NG002004 | E7: 250604 | G7: 17192 | H7: 14100 | I7: 0 | J7: 62463.544 | K7: 49550.509 | L7: 60345 | M7: 7708 | N7: 24854 | O7: 52301.023 | P7: 3 | Q7: 62463.544 | R7: 62463.544 | T7: 0 | U7: 0
A8: Adamawa | B8: NG002 | C8: Gombi | D8: NG002005 | E8: 290858 | G8: 4581 | H8: 14642 | I8: 0 | J8: 61376.852 | K8: 63849.537 | L8: 64018 | M8: 0 | N8: 87632 | O8: 101676.93 | P8: 3 | Q8: 101676.93 | R8: 101676.93 | T8: 0 | U8: 0
A9: Adamawa | B9: NG002 | C9: Guyuk | D9: NG002006 | E9: 251727 | G9: 4314 | H9: 14882 | I9: 0 | J9: 86052.284 | K9: 46823.496 | L9: 60616 | M9: 594 | N9: 15467 | O9: 35242.812 | P9: 3 | Q9: 86052.284 | R9: 86052.284 | T9: 0 | U9: 0
A10: Adamawa | B10: NG002 | C10: Hong | D10: NG002007 | E10: 304190 | G10: 5795 | H10: 18883 | I10: 0 | J10: 55536.322 | K10: 78482.654 | M10: 0 | N10: 91553 | O10: 0 | P10: 2 | Q10: 0 | R10: 0 | T10: 0 | U10: 0
A11: Adamawa | B11: NG002 | C11: Jada | D11: NG002008 | E11: 315353 | G11: 866 | H11: 20809 | I11: 0 | J11: 69956.476 | K11: 55160.666 | M11: 0 | N11: 10627 | O11: 0 | P11: 2 | Q11: 0 | R11: 0 | T11: 0 | U11: 0
A12: Adamawa | B12: NG002 | C12: Lamurde | D12: NG002009 | E12: 197983 | G12: 3720 | H12: 14017 | I12: 0 | J12: 52231.107 | K12: 24944.114 | M12: 0 | N12: 39526 | O12: 0 | P12: 2 | Q12: 0 | R12: 0 | T12: 0 | U12: 0
A13: Adamawa | B13: NG002 | C13: Madagali | D13: NG002010 | E13: 245471 | G13: 14747 | H13: 21430.667 | I13: 0 | J13: 109810.2 | K13: 47825.646 | L13: 54028 | M13: 79396 | N13: 38331 | O13: 71125.735 | P13: 3 | Q13: 109810.2 | R13: 109810.2 | T13: 0 | U13: 0
A14: Adamawa | B14: NG002 | C14: Maiha | D14: NG002011 | E14: 188095 | G14: 14065 | H14: 8377 | I14: 0 | J14: 45756.532 | K14: 40032.311 | M14: 86666 | N14: 76878 | O14: 0 | P14: 2 | Q14: 0 | R14: 0 | T14: 0 | U14: 0
A15: Adamawa | B15: NG002 | C15: Mayo-Belwa | D15: NG002012 | E15: 313081 | G15: 1305 | H15: 19942 | I15: 0 | J15: 66219.265 | K15: 23865.865 | M15: 0 | N15: 13167 | O15: 0 | P15: 2 | Q15: 0 | R15: 0 | T15: 0 | U15: 0
A16: Adamawa | B16: NG002 | C16: Michika | D16: NG002013 | E16: 262408 | G16: 3205 | H16: 22303.762 | I16: 0 | J16: 89699.075 | K16: 64988.825 | L16: 57756 | M16: 79118 | N16: 168368 | O16: 102210.87 | P16: 3 | Q16: 168368 | R16: 168368 | T16: 0 | U16: 0
A17: Adamawa | B17: NG002 | C17: Mubi North | D17: NG002014 | E17: 292264 | G17: 12927 | H17: 25749.548 | I17: 0 | J17: 54717.446 | K17: 52001.086 | L17: 64327 | M17: 37000 | N17: 109856 | O17: 48373.175 | P17: 3 | Q17: 109856 | R17: 109856 | T17: 0 | U17: 0
A18: Adamawa | B18: NG002 | C18: Mubi South | D18: NG002015 | E18: 266030 | G18: 7502 | H18: 16309 | I18: 0 | J18: 49278.36 | K18: 50100.378 | L18: 58553 | M18: 28717 | N18: 13154 | O18: 72722.011 | P18: 3 | Q18: 72722.011 | R18: 72722.011 | T18: 0 | U18: 0
A19: Adamawa | B19: NG002 | C19: Numan | D19: NG002016 | E19: 165015 | G19: 8750 | H19: 13728 | I19: 0 | J19: 38020.895 | K19: 34421.299 | L19: 39736 | M19: 12485 | N19: 18327 | O19: 57059.65 | P19: 3 | Q19: 57059.65 | R19: 57059.65 | T19: 0 | U19: 0
A20: Adamawa | B20: NG002 | C20: Shelleng | D20: NG002017 | E20: 248189 | G20: 10320 | H20: 22740.524 | I20: 0 | J20: 64350.003 | K20: 25316.08 | M20: 0 | N20: 72736 | O20: 0 | P20: 2 | Q20: 0 | R20: 0 | T20: 0 | U20: 0
A21: Adamawa | B21: NG002 | C21: Song | D21: NG002018 | E21: 381422 | G21: 5238 | H21: 26859 | I21: 0 | J21: 81062.901 | K21: 38893.983 | L21: 83951 | M21: 95866 | N21: 5105 | O21: 89978.748 | P21: 3 | Q21: 95866 | R21: 95866 | T21: 0 | U21: 0
A22: Adamawa | B22: NG002 | C22: Toungo | D22: NG002019 | E22: 101975 | G22: 566 | H22: 8943.0952 | I22: 0 | J22: 9421.8722 | K22: 7791.794 | M22: 0 | N22: 2028 | O22: 0 | P22: 2 | Q22: 0 | R22: 0 | T22: 0 | U22: 0
A23: Adamawa | B23: NG002 | C23: Yola North | D23: NG002020 | E23: 323370 | G23: 9091 | H23: 20978 | I23: 0 | J23: 93742.101 | K23: 44197.439 | M23: 0 | N23: 31722 | O23: 0 | P23: 2 | Q23: 0 | R23: 0 | T23: 0 | U23: 0
A24: Adamawa | B24: NG002 | C24: Yola South | D24: NG002021 | E24: 570233 | G24: 22010 | H24: 52892.071 | I24: 0 | J24: 67310.945 | K24: 51799.846 | L24: 137312 | M24: 115719 | N24: 21234 | O24: 58046.252 | P24: 2 | Q24: 0 | R24: 0 | T24: 0 | U24: 0
A25: Borno | B25: NG008 | C25: Abadam | D25: NG008001 | E25: 80385 | G25: 0 | H25: 19531.907 | I25: 0 | J25: 0 | K25: 5948.49 | M25: 0 | N25: 15997 | O25: 0 | P25: 2 | Q25: 0 | R25: 0 | S25: Inaccessable | T25: 0 | U25: 0
A26: Borno | B26: NG008 | C26: Askira/Uba | D26: NG008002 | E26: 245197 | G26: 11718 | H26: 33811.574 | I26: 0 | J26: 133609.19 | K26: 70259.544 | L26: 61471 | M26: 20963 | N26: 14201 | O26: 103007.35 | P26: 2 | Q26: 0 | R26: 0 | T26: 0 | U26: 0
A27: Borno | B27: NG008 | C27: Bama | D27: NG008003 | E27: 233112 | G27: 171239 | H27: 33720.098 | I27: 0 | J27: 102004.31 | K27: 92715.142 | L27: 71029 | M27: 112512 | N27: 99915 | O27: 210574.1 | P27: 3 | Q27: 210574.1 | R27: 210574.1 | T27: 0 | U27: 0
A28: Borno | B28: NG008 | C28: Bayo | D28: NG008004 | E28: 234872 | G28: 317 | H28: 34314.003 | I28: 0 | J28: 42780.338 | K28: 41384.198 | M28: 0 | N28: 4561 | O28: 0 | P28: 2 | Q28: 0 | R28: 0 | T28: 0 | U28: 0
A29: Borno | B29: NG008 | C29: Biu | D29: NG008005 | E29: 450926 | G29: 45579 | H29: 26473.503 | I29: 0 | J29: 138644.16 | K29: 95019.226 | L29: 107771 | M29: 45339 | N29: 14480 | O29: 76582.882 | P29: 3 | Q29: 138644.16 | R29: 138644.16 | T29: 0 | U29: 0
A30: Borno | B30: NG008 | C30: Chibok | D30: NG008006 | E30: 110736 | G30: 10200 | H30: 23770.612 | I30: 0 | J30: 41576.407 | K30: 28696.74 | L30: 26466 | M30: 0 | N30: 43098 | O30: 35899.07 | P30: 3 | Q30: 43098 | R30: 43098 | T30: 0 | U30: 0
A31: Borno | B31: NG008 | C31: Damboa | D31: NG008007 | E31: 176533 | G31: 110182 | H31: 28763.669 | I31: 0 | J31: 91060.754 | K31: 76040.266 | L31: 62210 | M31: 123635 | N31: 85993 | O31: 138366.62 | P31: 3 | Q31: 138366.62 | R31: 138366.62 | T31: 62210 | U31: 0
A32: Borno | B32: NG008 | C32: Dikwa | D32: NG008008 | E32: 139920 | G32: 107707 | H32: 24297.265 | I32: 0 | J32: 77097.991 | K32: 57042.706 | L32: 42634 | M32: 96963 | N32: 80210 | O32: 129855.1 | P32: 4 | Q32: 129855.1 | R32: 129855.1 | T32: 129855.1 | U32: 129855.1
A33: Borno | B33: NG008 | C33: Gubio | D33: NG008009 | E33: 206460 | G33: 12259 | H33: 31909.241 | I33: 0 | J33: 59180.7 | K33: 43969.225 | L33: 72757 | M33: 7999 | N33: 40278 | O33: 20762.693 | P33: 4 | Q33: 72757 | R33: 72757 | T33: 72757 | U33: 72757
A34: Borno | B34: NG008 | C34: Guzamala | D34: NG008010 | E34: 62747 | G34: 0 | H34: 17830.717 | I34: 0 | J34: 0 | K34: 10917.978 | L34: 17877 | M34: 18301 | N34: 10406 | O34: 18888.958 | P34: 3 | Q34: 18888.958 | S34: Inaccessable | T34: 0 | U34: 0
A35: Borno | B35: NG008 | C35: Gwoza | D35: NG008011 | E35: 267125 | G35: 163325 | H35: 33813.931 | I35: 0 | J35: 168833.71 | K35: 109359.71 | L35: 81393 | M35: 162436 | N35: 77779 | O35: 248053.2 | P35: 3 | Q35: 248053.2 | R35: 248053.2 | T35: 0 | U35: 0
A36: Borno | B36: NG008 | C36: Hawul | D36: NG008012 | E36: 253981 | G36: 22314 | H36: 33161.217 | I36: 0 | J36: 107298.64 | K36: 55027.878 | M36: 38477 | O36: 0 | P36: 2 | Q36: 0 | R36: 0 | T36: 0 | U36: 0
A37: Borno | B37: NG008 | C37: Jere | D37: NG008013 | E37: 866216 | G37: 268018 | H37: 89778.146 | I37: 0 | J37: 371984.38 | K37: 256338.27 | L37: 295899 | M37: 380993 | N37: 275829 | O37: 331485 | P37: 4 | Q37: 380993 | R37: 380993 | T37: 380993 | U37: 380993
A38: Borno | B38: NG008 | C38: Kaga | D38: NG008014 | E38: 116624 | G38: 24794 | H38: 23388.336 | I38: 0 | J38: 88329.088 | K38: 33298.255 | L38: 41098 | M38: 45093 | N38: 58957 | O38: 65760.273 | P38: 3 | Q38: 88329.088 | R38: 88329.088 | T38: 41098 | U38: 0
A39: Borno | B39: NG008 | C39: Kala/Balge | D39: NG008015 | E39: 40949 | G39: 40949 | H39: 15162.979 | I39: 0 | J39: 86622.986 | K39: 16911.937 | L39: 12477 | M39: 29663 | N39: 40949 | O39: 40842.4 | P39: 3 | Q39: 86622.986 | R39: 86622.986 | T39: 0 | U39: 0
A40: Borno | B40: NG008 | C40: Konduga | D40: NG008016 | E40: 270899 | G40: 88051 | H40: 33904.86 | I40: 0 | J40: 107855.41 | K40: 84218.427 | L40: 95465 | M40: 144148 | N40: 129679 | O40: 154287.42 | P40: 4 | Q40: 154287.42 | R40: 154287.42 | T40: 154287.42 | U40: 154287.42
A41: Borno | B41: NG008 | C41: Kukawa | D41: NG008017 | E41: 85387 | G41: 0 | H41: 20201.288 | I41: 0 | J41: 0 | K41: 14857.338 | L41: 24327 | M41: 14985 | N41: 14198 | O41: 18732.372 | P41: 3 | Q41: 24327 | S41: Inaccessable | T41: 0 | U41: 0
A42: Borno | B42: NG008 | C42: Kwaya Kusar | D42: NG008018 | E42: 158091 | G42: 3505 | H42: 25634.431 | I42: 0 | J42: 36226.813 | K42: 29155.07 | M42: 0 | N42: 2698 | O42: 0 | P42: 2 | Q42: 0 | R42: 0 | T42: 0 | U42: 0
A43: Borno | B43: NG008 | C43: Mafa | D43: NG008019 | E43: 131460 | G43: 42039 | H43: 23236.265 | I43: 0 | J43: 57586.344 | K43: 50408.292 | L43: 46327 | M43: 40250 | N43: 63019 | O43: 65598.185 | P43: 3 | Q43: 65598.185 | R43: 65598.185 | T43: 46327 | U43: 0
A44: Borno | B44: NG008 | C44: Magumeri | D44: NG008020 | E44: 176214 | G44: 38107 | H44: 29157.788 | I44: 0 | J44: 186557.9 | K44: 44020.948 | L44: 62098 | M44: 52393 | N44: 21820 | O44: 71164.052 | P44: 4 | Q44: 186557.9 | R44: 186557.9 | T44: 186557.9 | U44: 186557.9
A45: Borno | B45: NG008 | C45: Maiduguri | D45: NG008021 | E45: 1103204 | G45: 206011 | H45: 106236.17 | I45: 0 | J45: 406087.17 | K45: 303625.68 | L45: 376854 | M45: 161487 | N45: 206011 | O45: 276308.75 | P45: 4 | Q45: 406087.17 | R45: 406087.17 | T45: 406087.17 | U45: 406087.17
A46: Borno | B46: NG008 | C46: Marte | D46: NG008022 | E46: 30137 | G46: 0 | H46: 14620.217 | I46: 0 | J46: 0 | K46: 5243.838 | L46: 10620 | M46: 120 | N46: - | O46: 29257 | P46: 3 | Q46: 29257 | S46: Inaccessable | T46: 10620 | U46: 0
A47: Borno | B47: NG008 | C47: Mobbar | D47: NG008023 | E47: 228943 | G47: 89292 | H47: 33028.646 | I47: 0 | J47: 120201.26 | K47: 73999.262 | L47: 78413 | M47: 127490 | N47: 99037 | O47: 97552.514 | P47: 4 | Q47: 127490 | R47: 127490 | T47: 127490 | U47: 127490
A48: Borno | B48: NG008 | C48: Monguno | D48: NG008024 | E48: 216350 | G48: 162108 | H48: 31200.836 | I48: 0 | J48: 153154.41 | K48: 88015.764 | L48: 76242 | M48: 129830 | N48: 84296 | O48: 184813.84 | P48: 4 | Q48: 184813.84 | R48: 184813.84 | T48: 184813.84 | U48: 184813.84
A49: Borno | B49: NG008 | C49: Ngala | D49: NG008025 | E49: 223119 | G49: 103979 | H49: 30848.646 | I49: 0 | J49: 85642.553 | K49: 83251.566 | L49: 67984 | M49: 151810 | N49: 51553 | O49: 207049.6 | P49: 4 | Q49: 207049.6 | R49: 207049.6 | T49: 207049.6 | U49: 207049.6
A50: Borno | B50: NG008 | C50: Nganzai | D50: NG008026 | E50: 86859 | G50: 0 | H50: 20411.265 | I50: 0 | J50: 109944.43 | K50: 15113.466 | L50: 24746 | M50: 759 | N50: 14404 | O50: 21284.202 | P50: 3 | Q50: 109944.43 | R50: 109944.43 | T50: 0 | U50: 0
A51: Borno | B51: NG008 | C51: Shani | D51: NG008027 | E51: 285029 | G51: 3252 | H51: 37606.379 | I51: 0 | J51: 61453.736 | K51: 50681.214 | M51: 0 | O51: 0 | P51: 2 | Q51: 0 | R51: 0 | T51: 0 | U51: 0
A52: Yobe | B52: NG036 | C52: Bade | D52: NG036001 | E52: 261693 | G52: 28033 | H52: 12474.071 | I52: 0 | J52: 78508.424 | K52: 54897.604 | L52: 69375 | M52: 42177 | N52: 77385 | O52: 57068.027 | P52: 3 | Q52: 78508.424 | R52: 78508.424 | T52: 0 | U52: 0
A53: Yobe | B53: NG036 | C53: Bursari | D53: NG036002 | E53: 230780 | G53: 2998 | H53: 25788.281 | I53: 0 | J53: 72859.34 | K53: 41731.847 | L53: 61180 | M53: 11416 | N53: 41328 | O53: 55223.668 | P53: 3 | Q53: 72859.34 | R53: 72859.34 | T53: 0 | U53: 0
A54: Yobe | B54: NG036 | C54: Damaturu | D54: NG036003 | E54: 421155 | G54: 23361 | H54: 16380.838 | I54: 0 | J54: 30221.764 | K54: 100879.54 | L54: 176085 | M54: 52876 | N54: 56424 | O54: 95399.515 | P54: 3 | Q54: 176085 | R54: 176085 | T54: 176085 | U54: 0
A55: Yobe | B55: NG036 | C55: Fika | D55: NG036004 | E55: 373708 | G55: 3422 | H55: 11111 | I55: 0 | J55: 183012.86 | K55: 66215.462 | L55: 108151 | M55: 11700 | N55: 36519 | O55: 74856.801 | P55: 3 | Q55: 183012.86 | R55: 183012.86 | T55: 0 | U55: 0
A56: Yobe | B56: NG036 | C56: Fune | D56: NG036005 | E56: 589857 | G56: 4589 | H56: 10543.143 | I56: 0 | J56: 229496.62 | K56: 104137.63 | L56: 170705 | M56: 49751 | N56: 87535 | O56: 103932.51 | P56: 3 | Q56: 229496.62 | R56: 229496.62 | T56: 0 | U56: 0
A57: Yobe | B57: NG036 | C57: Geidam | D57: NG036006 | E57: 292654 | G57: 5555 | H57: 30163.024 | I57: 0 | J57: 142617.22 | K57: 81362.776 | L57: 118144 | M57: 69511 | N57: 140259 | O57: 149552.14 | P57: 3 | Q57: 149552.14 | R57: 149552.14 | T57: 118144 | U57: 0
A58: Yobe | B58: NG036 | C58: Gujba | D58: NG036007 | E58: 265788 | G58: 48298 | H58: 16869.048 | I58: 0 | J58: 126198.35 | K58: 102961.44 | L58: 103950 | M58: 226726 | N58: 119448 | O58: 115806.22 | P58: 3 | Q58: 226726 | R58: 226726 | T58: 103950 | U58: 0
A59: Yobe | B59: NG036 | C59: Gulani | D59: NG036008 | E59: 369438 | G59: 2312 | H59: 35910.69 | I59: 0 | J59: 92805.884 | K59: 76802.822 | L59: 140165 | M59: 104764 | N59: 85634 | O59: 96634.434 | P59: 3 | Q59: 140165 | R59: 140165 | T59: 140165 | U59: 0
A60: Yobe | B60: NG036 | C60: Jakusko | D60: NG036009 | E60: 326685 | G60: 2909 | H60: 30021.881 | I60: 0 | J60: 113622.32 | K60: 57814.796 | L60: 86604 | M60: 0 | N60: 61048 | O60: 37299.482 | P60: 3 | Q60: 113622.32 | R60: 113622.32 | T60: 0 | U60: 0
A61: Yobe | B61: NG036 | C61: Karasuwa | D61: NG036010 | E61: 179478 | G61: 360 | H61: 19473.552 | I61: 0 | J61: 44902.608 | K61: 31818.569 | L61: 51456 | M61: 21905 | N61: 29001 | O61: 31184.622 | P61: 3 | Q61: 51456 | R61: 51456 | T61: 0 | U61: 0
A62: Yobe | B62: NG036 | C62: Machina | D62: NG036011 | E62: 127524 | G62: 1972 | H62: 10233 | I62: 0 | J62: 35024.398 | K62: 22847.824 | L62: 36561 | M62: 0 | N62: 25661 | O62: 41653.197 | P62: 3 | Q62: 41653.197 | R62: 41653.197 | T62: 0 | U62: 0
A63: Yobe | B63: NG036 | C63: Nangere | D63: NG036012 | E63: 263768 | G63: 424 | H63: 25631.524 | I63: 0 | J63: 110013.62 | K63: 46430.403 | L63: 76334 | M63: 0 | N63: 45498 | O63: 35743.923 | P63: 3 | Q63: 110013.62 | R63: 110013.62 | T63: 0 | U63: 0
... A67: Yobe | B67: NG036 | C67: Yunusari | D67: NG036016 | E67: 292431 | G67: 1705 | H67: 32315.652 | I67: 0 | J67: 64805.912 | K67: 52900.928 | L67: 83840 | M67: 56285 | N67: 43646 | O67: 39388.825 | P67: 3 | Q67: 83840 | R67: 83840 | T67: 0 | U67: 0
A68: Yobe | B68: NG036 | C68: Yusufari | D68: NG036017 | E68: 298016 | G68: 992 | H68: 12000 | I68: 0 | J68: 67812.024 | K68: 52835.108 | M68: 0 | N68: 68185 | O68: 0 | P68: 1 | Q68: 0 | R68: 0 | T68: 0 | U68: 0

Sheet PiN Visuals
P2: Select a sector: | Q2: Education
A5: Graph Bins | B5: {=TRANSPOSE(_xlfn.UNIQUE(tblPiNAnalysis[Population Group]))} -> 0 | H5: Graph Bins | I5: {=TRANSPOSE(_xlfn.UNIQUE(#REF!))} -> #REF!
A6: {=_xlfn._xlws.SORT(_xlfn.UNIQUE(INDEX(#REF!, 0, MATCH(_xlfn.CONCAT($Q$2, "%"), #REF!, 0))))} -> #REF! | B6: {=IF($A6="", "", IF(SUM(IF(INDEX(_xlfn._xlws.FILTER(#REF!, tblPiNAnalysis[Population Group]=B$5), 0, MATCH(_xlfn.CONCAT($Q$2, "%"), #REF!, 0))=$A6, 1, 0))=0, "",SUM(IF(INDEX(_xlfn._xlws.FILTER(#REF!, tblPiNAnalysis[Population Group]=B$5), 0, MATCH(_xlfn.CONCAT($Q$2, "%"), #REF!, 0))=$A6, 1, 0))))} -> #REF! | C6: {=IFERROR(IF(OR($A6="", C$5=""), "", IF(SUM(IF(INDEX(_xlfn._xlws.FILTER(#REF!, tblPiNAnalysis[Population Group]=C$5), 0, MATCH(_xlfn.CONCAT($Q$2, "%"), #REF!, 0))=$A6, 1, 0))=0, "",SUM(IF(INDEX(_xlfn._xlws.FILTER(#REF!, tblPiNAnalysis[Population Group]=C$5), 0, MATCH(_xlfn.CONCAT($Q$2, "%"), #REF!, 0))=$A6, 1, 0)))), "")} | D6: {=IFERROR(IF(OR($A6="", D$5=""), "", IF(SUM(IF(INDEX(_xlfn._xlws.FILTER(#REF!, tblPiNAnalysis[Population Group]=D$5), 0, MATCH(_xlfn.CONCAT($Q$2, "%"), #REF!, 0))=$A6, 1, 0))=0, "",SUM(IF(INDEX(_xlfn._xlws.FILTER(#REF!, tblPiNAnalysis[Population Group]=D$5), 0, MATCH(_xlfn.CONCAT($Q$2, "%"), #REF!, 0))=$A6, 1, 0)))), "")} | E6: {=IFERROR(IF(OR($A6="", E$5=""), "", IF(SUM(IF(INDEX(_xlfn._xlws.FILTER(#REF!, tblPiNAnalysis[Population Group]=E$5), 0, MATCH(_xlfn.CONCAT($Q$2, "%"), #REF!, 0))=$A6, 1, 0))=0, "",SUM(IF(INDEX(_xlfn._xlws.FILTER(#REF!, tblPiNAnalysis[Population Group]=E$5), 0, MATCH(_xlfn.CONCAT($Q$2, "%"), #REF!, 0))=$A6, 1, 0)))), "")} | F6: {=IFERROR(IF(OR($A6="", F$5=""), "", IF(SUM(IF(INDEX(_xlfn._xlws.FILTER(#REF!, tblPiNAnalysis[CCCM]=F$5), 0, MATCH(_xlfn.CONCAT($Q$2, "%"), #REF!, 0))=$A6, 1, 0))=0, "",SUM(IF(INDEX(_xlfn._xlws.FILTER(#REF!, tblPiNAnalysis[CCCM]=F$5), 0, MATCH(_xlfn.CONCAT($Q$2, "%"), #REF!, 0))=$A6, 1, 0)))), "")} | H6: {=_xlfn._xlws.SORT(_xlfn.UNIQUE(_xlfn._xlws.FILTER(INDEX(#REF!,0,MATCH($Q$2,#REF!,0)),INDEX(#REF!,0,MATCH($Q$2,#REF!,0))<=2)))} -> #REF! | I6: {=IF($H6="", "", IF($H6=2, SUM(IF(INDEX(_xlfn._xlws.FILTER(#REF!,#REF!= I$5), 0, MATCH($Q$2,#REF!, 0))>1.9, 1, 0)), IF(SUM(IF(INDEX(_xlfn._xlws.FILTER(#REF!,#REF!= I$5), 0, MATCH($Q$2,#REF!, 0))=$H6, 1, 0))=0, "", SUM(IF(INDEX(_xlfn._xlws.FILTER(#REF!,#REF!= I$5), 0, MATCH($Q$2,#REF!, 0))=$H6, 1, 0)))))} -> #REF! | J6: {=IFERROR(IF(OR($H6="", J5=""), "", IF($H6=2, SUM(IF(INDEX(_xlfn._xlws.FILTER(#REF!,#REF!= J$5), 0, MATCH($Q$2,#REF!, 0))>1.9, 1, 0)), IF(SUM(IF(INDEX(_xlfn._xlws.FILTER(#REF!,#REF!= J$5), 0, MATCH($Q$2,#REF!, 0))=$H6, 1, 0))=0, "", SUM(IF(INDEX(_xlfn._xlws.FILTER(#REF!,#REF!= J$5), 0, MATCH($Q$2,#REF!, 0))=$H6, 1, 0))))), "")} | K6: {=IFERROR(IF(OR($H6="", K5=""), "", IF($H6=2, SUM(IF(INDEX(_xlfn._xlws.FILTER(#REF!,#REF!= K$5), 0, MATCH($Q$2,#REF!, 0))>1.9, 1, 0)), IF(SUM(IF(INDEX(_xlfn._xlws.FILTER(#REF!,#REF!= K$5), 0, MATCH($Q$2,#REF!, 0))=$H6, 1, 0))=0, "", SUM(IF(INDEX(_xlfn._xlws.FILTER(#REF!,#REF!= K$5), 0, MATCH($Q$2,#REF!, 0))=$H6, 1, 0))))), "")} | L6: {=IFERROR(IF(OR($H6="", L5=""), "", IF($H6=2, SUM(IF(INDEX(_xlfn._xlws.FILTER(#REF!,#REF!= L$5), 0, MATCH($Q$2,#REF!, 0))>1.9, 1, 0)), IF(SUM(IF(INDEX(_xlfn._xlws.FILTER(#REF!,#REF!= L$5), 0, MATCH($Q$2,#REF!, 0))=$H6, 1, 0))=0, "", SUM(IF(INDEX(_xlfn._xlws.FILTER(#REF!,#REF!= L$5), 0, MATCH($Q$2,#REF!, 0))=$H6, 1, 0))))), "")} | M6: {=IFERROR(IF(OR($H6="", M5=""), "", IF($H6=2, SUM(IF(INDEX(_xlfn._xlws.FILTER(#REF!,#REF!= M$5), 0, MATCH($Q$2,#REF!, 0))>1.9, 1, 0)), IF(SUM(IF(INDEX(_xlfn._xlws.FILTER(#REF!,#REF!= M$5), 0, MATCH($Q$2,#REF!, 0))=$H6, 1, 0))=0, "", SUM(IF(INDEX(_xlfn._xlws.FILTER(#REF!,#REF!= M$5), 0, MATCH($Q$2,#REF!, 0))=$H6, 1, 0))))), "")}
B7: {=IF($A7="", "", IF(SUM(IF(INDEX(_xlfn._xlws.FILTER(#REF!, tblPiNAnalysis[Population Group]=B$5), 0, MATCH(_xlfn.CONCAT($Q$2, "%"), #REF!, 0))=$A7, 1, 0))=0, "",SUM(IF(INDEX(_xlfn._xlws.FILTER(#REF!, tblPiNAnalysis[Population Group]=B$5), 0, MATCH(_xlfn.CONCAT($Q$2, "%"), #REF!, 0))=$A7, 1, 0))))} | C7: {=IFERROR(IF(OR($A7="", C$5=""), "", IF(SUM(IF(INDEX(_xlfn._xlws.FILTER(#REF!, tblPiNAnalysis[Population Group]=C$5), 0, MATCH(_xlfn.CONCAT($Q$2, "%"), #REF!, 0))=$A7, 1, 0))=0, "",SUM(IF(INDEX(_xlfn._xlws.FILTER(#REF!, tblPiNAnalysis[Population Group]=C$5), 0, MATCH(_xlfn.CONCAT($Q$2, "%"), #REF!, 0))=$A7, 1, 0)))), "")} | D7: {=IFERROR(IF(OR($A7="", D$5=""), "", IF(SUM(IF(INDEX(_xlfn._xlws.FILTER(#REF!, tblPiNAnalysis[Population Group]=D$5), 0, MATCH(_xlfn.CONCAT($Q$2, "%"), #REF!, 0))=$A7, 1, 0))=0, "",SUM(IF(INDEX(_xlfn._xlws.FILTER(#REF!, tblPiNAnalysis[Population Group]=D$5), 0, MATCH(_xlfn.CONCAT($Q$2, "%"), #REF!, 0))=$A7, 1, 0)))), "")} | E7: {=IFERROR(IF(OR($A7="", E$5=""), "", IF(SUM(IF(INDEX(_xlfn._xlws.FILTER(#REF!, tblPiNAnalysis[Population Group]=E$5), 0, MATCH(_xlfn.CONCAT($Q$2, "%"), #REF!, 0))=$A7, 1, 0))=0, "",SUM(IF(INDEX(_xlfn._xlws.FILTER(#REF!, tblPiNAnalysis[Population Group]=E$5), 0, MATCH(_xlfn.CONCAT($Q$2, "%"), #REF!, 0))=$A7, 1, 0)))), "")} | F7: {=IFERROR(IF(OR($A7="", F$5=""), "", IF(SUM(IF(INDEX(_xlfn._xlws.FILTER(#REF!, tblPiNAnalysis[CCCM]=F$5), 0, MATCH(_xlfn.CONCAT($Q$2, "%"), #REF!, 0))=$A7, 1, 0))=0, "",SUM(IF(INDEX(_xlfn._xlws.FILTER(#REF!, tblPiNAnalysis[CCCM]=F$5), 0, MATCH(_xlfn.CONCAT($Q$2, "%"), #REF!, 0))=$A7, 1, 0)))), "")} | I7: {=IF($H7="", "", IF($H7=2, SUM(IF(INDEX(_xlfn._xlws.FILTER(#REF!,#REF!= I$5), 0, MATCH($Q$2,#REF!, 0))>1.9, 1, 0)), IF(SUM(IF(INDEX(_xlfn._xlws.FILTER(#REF!,#REF!= I$5), 0, MATCH($Q$2,#REF!, 0))=$H7, 1, 0))=0, "", SUM(IF(INDEX(_xlfn._xlws.FILTER(#REF!,#REF!= I$5), 0, MATCH($Q$2,#REF!, 0))=$H7, 1, 0)))))} | J7: {=IFERROR(IF(OR($H7="", J6=""), "", IF($H7=2, SUM(IF(INDEX(_xlfn._xlws.FILTER(#REF!,#REF!= J$5), 0, MATCH($Q$2,#REF!, 0))>1.9, 1, 0)), IF(SUM(IF(INDEX(_xlfn._xlws.FILTER(#REF!,#REF!= J$5), 0, MATCH($Q$2,#REF!, 0))=$H7, 1, 0))=0, "", SUM(IF(INDEX(_xlfn._xlws.FILTER(#REF!,#REF!= J$5), 0, MATCH($Q$2,#REF!, 0))=$H7, 1, 0))))), "")} | K7: {=IFERROR(IF(OR($H7="", K6=""), "", IF($H7=2, SUM(IF(INDEX(_xlfn._xlws.FILTER(#REF!,#REF!= K$5), 0, MATCH($Q$2,#REF!, 0))>1.9, 1, 0)), IF(SUM(IF(INDEX(_xlfn._xlws.FILTER(#REF!,#REF!= K$5), 0, MATCH($Q$2,#REF!, 0))=$H7, 1, 0))=0, "", SUM(IF(INDEX(_xlfn._xlws.FILTER(#REF!,#REF!= K$5), 0, MATCH($Q$2,#REF!, 0))=$H7, 1, 0))))), "")} | L7: {=IFERROR(IF(OR($H7="", L6=""), "", IF($H7=2, SUM(IF(INDEX(_xlfn._xlws.FILTER(#REF!,#REF!= L$5), 0, MATCH($Q$2,#REF!, 0))>1.9, 1, 0)), IF(SUM(IF(INDEX(_xlfn._xlws.FILTER(#REF!,#REF!= L$5), 0, MATCH($Q$2,#REF!, 0))=$H7, 1, 0))=0, "", SUM(IF(INDEX(_xlfn._xlws.FILTER(#REF!,#REF!= L$5), 0, MATCH($Q$2,#REF!, 0))=$H7, 1, 0))))), "")} | M7: {=IFERROR(IF(OR($H7="", M6=""), "", IF($H7=2, SUM(IF(INDEX(_xlfn._xlws.FILTER(#REF!,#REF!= M$5), 0, MATCH($Q$2,#REF!, 0))>1.9, 1, 0)), IF(SUM(IF(INDEX(_xlfn._xlws.FILTER(#REF!,#REF!= M$5), 0, MATCH($Q$2,#REF!, 0))=$H7, 1, 0))=0, "", SUM(IF(INDEX(_xlfn._xlws.FILTER(#REF!,#REF!= M$5), 0, MATCH($Q$2,#REF!, 0))=$H7, 1, 0))))), "")}
B8: {=IF($A8="", "", IF(SUM(IF(INDEX(_xlfn._xlws.FILTER(#REF!, tblPiNAnalysis[Population Group]=B$5), 0, MATCH(_xlfn.CONCAT($Q$2, "%"), #REF!, 0))=$A8, 1, 0))=0, "",SUM(IF(INDEX(_xlfn._xlws.FILTER(#REF!, tblPiNAnalysis[Population Group]=B$5), 0, MATCH(_xlfn.CONCAT($Q$2, "%"), #REF!, 0))=$A8, 1, 0))))} | C8: {=IFERROR(IF(OR($A8="", C$5=""), "", IF(SUM(IF(INDEX(_xlfn._xlws.FILTER(#REF!, tblPiNAnalysis[Population Group]=C$5), 0, MATCH(_xlfn.CONCAT($Q$2, "%"), #REF!, 0))=$A8, 1, 0))=0, "",SUM(IF(INDEX(_xlfn._xlws.FILTER(#REF!, tblPiNAnalysis[Population Group]=C$5), 0, MATCH(_xlfn.CONCAT($Q$2, "%"), #REF!, 0))=$A8, 1, 0)))), "")} | D8: {=IFERROR(IF(OR($A8="", D$5=""), "", IF(SUM(IF(INDEX(_xlfn._xlws.FILTER(#REF!, tblPiNAnalysis[Population Group]=D$5), 0, MATCH(_xlfn.CONCAT($Q$2, "%"), #REF!, 0))=$A8, 1, 0))=0, "",SUM(IF(INDEX(_xlfn._xlws.FILTER(#REF!, tblPiNAnalysis[Population Group]=D$5), 0, MATCH(_xlfn.CONCAT($Q$2, "%"), #REF!, 0))=$A8, 1, 0)))), "")} | E8: {=IFERROR(IF(OR($A8="", E$5=""), "", IF(SUM(IF(INDEX(_xlfn._xlws.FILTER(#REF!, tblPiNAnalysis[Population Group]=E$5), 0, MATCH(_xlfn.CONCAT($Q$2, "%"), #REF!, 0))=$A8, 1, 0))=0, "",SUM(IF(INDEX(_xlfn._xlws.FILTER(#REF!, tblPiNAnalysis[Population Group]=E$5), 0, MATCH(_xlfn.CONCAT($Q$2, "%"), #REF!, 0))=$A8, 1, 0)))), "")} | F8: {=IFERROR(IF(OR($A8="", F$5=""), "", IF(SUM(IF(INDEX(_xlfn._xlws.FILTER(#REF!, tblPiNAnalysis[CCCM]=F$5), 0, MATCH(_xlfn.CONCAT($Q$2, "%"), #REF!, 0))=$A8, 1, 0))=0, "",SUM(IF(INDEX(_xlfn._xlws.FILTER(#REF!, tblPiNAnalysis[CCCM]=F$5), 0, MATCH(_xlfn.CONCAT($Q$2, "%"), #REF!, 0))=$A8, 1, 0)))), "")} | I8: {=IF($H8="", "", IF($H8=2, SUM(IF(INDEX(_xlfn._xlws.FILTER(#REF!,#REF!= I$5), 0, MATCH($Q$2,#REF!, 0))>1.9, 1, 0)), IF(SUM(IF(INDEX(_xlfn._xlws.FILTER(#REF!,#REF!= I$5), 0, MATCH($Q$2,#REF!, 0))=$H8, 1, 0))=0, "", SUM(IF(INDEX(_xlfn._xlws.FILTER(#REF!,#REF!= I$5), 0, MATCH($Q$2,#REF!, 0))=$H8, 1, 0)))))} | J8: {=IFERROR(IF(OR($H8="", J7=""), "", IF($H8=2, SUM(IF(INDEX(_xlfn._xlws.FILTER(#REF!,#REF!= J$5), 0, MATCH($Q$2,#REF!, 0))>1.9, 1, 0)), IF(SUM(IF(INDEX(_xlfn._xlws.FILTER(#REF!,#REF!= J$5), 0, MATCH($Q$2,#REF!, 0))=$H8, 1, 0))=0, "", SUM(IF(INDEX(_xlfn._xlws.FILTER(#REF!,#REF!= J$5), 0, MATCH($Q$2,#REF!, 0))=$H8, 1, 0))))), "")} | K8: {=IFERROR(IF(OR($H8="", K7=""), "", IF($H8=2, SUM(IF(INDEX(_xlfn._xlws.FILTER(#REF!,#REF!= K$5), 0, MATCH($Q$2,#REF!, 0))>1.9, 1, 0)), IF(SUM(IF(INDEX(_xlfn._xlws.FILTER(#REF!,#REF!= K$5), 0, MATCH($Q$2,#REF!, 0))=$H8, 1, 0))=0, "", SUM(IF(INDEX(_xlfn._xlws.FILTER(#REF!,#REF!= K$5), 0, MATCH($Q$2,#REF!, 0))=$H8, 1, 0))))), "")} | L8: {=IFERROR(IF(OR($H8="", L7=""), "", IF($H8=2, SUM(IF(INDEX(_xlfn._xlws.FILTER(#REF!,#REF!= L$5), 0, MATCH($Q$2,#REF!, 0))>1.9, 1, 0)), IF(SUM(IF(INDEX(_xlfn._xlws.FILTER(#REF!,#REF!= L$5), 0, MATCH($Q$2,#REF!, 0))=$H8, 1, 0))=0, "", SUM(IF(INDEX(_xlfn._xlws.FILTER(#REF!,#REF!= L$5), 0, MATCH($Q$2,#REF!, 0))=$H8, 1, 0))))), "")} | M8: {=IFERROR(IF(OR($H8="", M7=""), "", IF($H8=2, SUM(IF(INDEX(_xlfn._xlws.FILTER(#REF!,#REF!= M$5), 0, MATCH($Q$2,#REF!, 0))>1.9, 1, 0)), IF(SUM(IF(INDEX(_xlfn._xlws.FILTER(#REF!,#REF!= M$5), 0, MATCH($Q$2,#REF!, 0))=$H8, 1, 0))=0, "", SUM(IF(INDEX(_xlfn._xlws.FILTER(#REF!,#REF!= M$5), 0, MATCH($Q$2,#REF!, 0))=$H8, 1, 0))))), "")}
B9: {=IF($A9="", "", IF(SUM(IF(INDEX(_xlfn._xlws.FILTER(#REF!, tblPiNAnalysis[Population Group]=B$5), 0, MATCH(_xlfn.CONCAT($Q$2, "%"), #REF!, 0))=$A9, 1, 0))=0, "",SUM(IF(INDEX(_xlfn._xlws.FILTER(#REF!, tblPiNAnalysis[Population Group]=B$5), 0, MATCH(_xlfn.CONCAT($Q$2, "%"), #REF!, 0))=$A9, 1, 0))))} | C9: {=IFERROR(IF(OR($A9="", C$5=""), "", IF(SUM(IF(INDEX(_xlfn._xlws.FILTER(#REF!, tblPiNAnalysis[Population Group]=C$5), 0, MATCH(_xlfn.CONCAT($Q$2, "%"), #REF!, 0))=$A9, 1, 0))=0, "",SUM(IF(INDEX(_xlfn._xlws.FILTER(#REF!, tblPiNAnalysis[Population Group]=C$5), 0, MATCH(_xlfn.CONCAT($Q$2, "%"), #REF!, 0))=$A9, 1, 0)))), "")} | D9: {=IFERROR(IF(OR($A9="", D$5=""), "", IF(SUM(IF(INDEX(_xlfn._xlws.FILTER(#REF!, tblPiNAnalysis[Population Group]=D$5), 0, MATCH(_xlfn.CONCAT($Q$2, "%"), #REF!, 0))=$A9, 1, 0))=0, "",SUM(IF(INDEX(_xlfn._xlws.FILTER(#REF!, tblPiNAnalysis[Population Group]=D$5), 0, MATCH(_xlfn.CONCAT($Q$2, "%"), #REF!, 0))=$A9, 1, 0)))), "")} | E9: {=IFERROR(IF(OR($A9="", E$5=""), "", IF(SUM(IF(INDEX(_xlfn._xlws.FILTER(#REF!, tblPiNAnalysis[Population Group]=E$5), 0, MATCH(_xlfn.CONCAT($Q$2, "%"), #REF!, 0))=$A9, 1, 0))=0, "",SUM(IF(INDEX(_xlfn._xlws.FILTER(#REF!, tblPiNAnalysis[Population Group]=E$5), 0, MATCH(_xlfn.CONCAT($Q$2, "%"), #REF!, 0))=$A9, 1, 0)))), "")} | F9: {=IFERROR(IF(OR($A9="", F$5=""), "", IF(SUM(IF(INDEX(_xlfn._xlws.FILTER(#REF!, tblPiNAnalysis[CCCM]=F$5), 0, MATCH(_xlfn.CONCAT($Q$2, "%"), #REF!, 0))=$A9, 1, 0))=0, "",SUM(IF(INDEX(_xlfn._xlws.FILTER(#REF!, tblPiNAnalysis[CCCM]=F$5), 0, MATCH(_xlfn.CONCAT($Q$2, "%"), #REF!, 0))=$A9, 1, 0)))), "")} | I9: {=IF($H9="", "", IF($H9=2, SUM(IF(INDEX(_xlfn._xlws.FILTER(#REF!,#REF!= I$5), 0, MATCH($Q$2,#REF!, 0))>1.9, 1, 0)), IF(SUM(IF(INDEX(_xlfn._xlws.FILTER(#REF!,#REF!= I$5), 0, MATCH($Q$2,#REF!, 0))=$H9, 1, 0))=0, "", SUM(IF(INDEX(_xlfn._xlws.FILTER(#REF!,#REF!= I$5), 0, MATCH($Q$2,#REF!, 0))=$H9, 1, 0)))))} | J9: {=IFERROR(IF(OR($H9="", J8=""), "", IF($H9=2, SUM(IF(INDEX(_xlfn._xlws.FILTER(#REF!,#REF!= J$5), 0, MATCH($Q$2,#REF!, 0))>1.9, 1, 0)), IF(SUM(IF(INDEX(_xlfn._xlws.FILTER(#REF!,#REF!= J$5), 0, MATCH($Q$2,#REF!, 0))=$H9, 1, 0))=0, "", SUM(IF(INDEX(_xlfn._xlws.FILTER(#REF!,#REF!= J$5), 0, MATCH($Q$2,#REF!, 0))=$H9, 1, 0))))), "")} | K9: {=IFERROR(IF(OR($H9="", K8=""), "", IF($H9=2, SUM(IF(INDEX(_xlfn._xlws.FILTER(#REF!,#REF!= K$5), 0, MATCH($Q$2,#REF!, 0))>1.9, 1, 0)), IF(SUM(IF(INDEX(_xlfn._xlws.FILTER(#REF!,#REF!= K$5), 0, MATCH($Q$2,#REF!, 0))=$H9, 1, 0))=0, "", SUM(IF(INDEX(_xlfn._xlws.FILTER(#REF!,#REF!= K$5), 0, MATCH($Q$2,#REF!, 0))=$H9, 1, 0))))), "")} | L9: {=IFERROR(IF(OR($H9="", L8=""), "", IF($H9=2, SUM(IF(INDEX(_xlfn._xlws.FILTER(#REF!,#REF!= L$5), 0, MATCH($Q$2,#REF!, 0))>1.9, 1, 0)), IF(SUM(IF(INDEX(_xlfn._xlws.FILTER(#REF!,#REF!= L$5), 0, MATCH($Q$2,#REF!, 0))=$H9, 1, 0))=0, "", SUM(IF(INDEX(_xlfn._xlws.FILTER(#REF!,#REF!= L$5), 0, MATCH($Q$2,#REF!, 0))=$H9, 1, 0))))), "")} | M9: {=IFERROR(IF(OR($H9="", M8=""), "", IF($H9=2, SUM(IF(INDEX(_xlfn._xlws.FILTER(#REF!,#REF!= M$5), 0, MATCH($Q$2,#REF!, 0))>1.9, 1, 0)), IF(SUM(IF(INDEX(_xlfn._xlws.FILTER(#REF!,#REF!= M$5), 0, MATCH($Q$2,#REF!, 0))=$H9, 1, 0))=0, "", SUM(IF(INDEX(_xlfn._xlws.FILTER(#REF!,#REF!= M$5), 0, MATCH($Q$2,#REF!, 0))=$H9, 1, 0))))), "")}
B10: {=IF($A10="", "", IF(SUM(IF(INDEX(_xlfn._xlws.FILTER(#REF!, tblPiNAnalysis[Population Group]=B$5), 0, MATCH(_xlfn.CONCAT($Q$2, "%"), #REF!, 0))=$A10, 1, 0))=0, "",SUM(IF(INDEX(_xlfn._xlws.FILTER(#REF!, tblPiNAnalysis[Population Group]=B$5), 0, MATCH(_xlfn.CONCAT($Q$2, "%"), #REF!, 0))=$A10, 1, 0))))} | C10: {=IFERROR(IF(OR($A10="", C$5=""), "", IF(SUM(IF(INDEX(_xlfn._xlws.FILTER(#REF!, tblPiNAnalysis[Population Group]=C$5), 0, MATCH(_xlfn.CONCAT($Q$2, "%"), #REF!, 0))=$A10, 1, 0))=0, "",SUM(IF(INDEX(_xlfn._xlws.FILTER(#REF!, tblPiNAnalysis[Population Group]=C$5), 0, MATCH(_xlfn.CONCAT($Q$2, "%"), #REF!, 0))=$A10, 1, 0)))), "")} | D10: {=IFERROR(IF(OR($A10="", D$5=""), "", IF(SUM(IF(INDEX(_xlfn._xlws.FILTER(#REF!, tblPiNAnalysis[Population Group]=D$5), 0, MATCH(_xlfn.CONCAT($Q$2, "%"), #REF!, 0))=$A10, 1, 0))=0, "",SUM(IF(INDEX(_xlfn._xlws.FILTER(#REF!, tblPiNAnalysis[Population Group]=D$5), 0, MATCH(_xlfn.CONCAT($Q$2, "%"), #REF!, 0))=$A10, 1, 0)))), "")} | E10: {=IFERROR(IF(OR($A10="", E$5=""), "", IF(SUM(IF(INDEX(_xlfn._xlws.FILTER(#REF!, tblPiNAnalysis[Population Group]=E$5), 0, MATCH(_xlfn.CONCAT($Q$2, "%"), #REF!, 0))=$A10, 1, 0))=0, "",SUM(IF(INDEX(_xlfn._xlws.FILTER(#REF!, tblPiNAnalysis[Population Group]=E$5), 0, MATCH(_xlfn.CONCAT($Q$2, "%"), #REF!, 0))=$A10, 1, 0)))), "")} | F10: {=IFERROR(IF(OR($A10="", F$5=""), "", IF(SUM(IF(INDEX(_xlfn._xlws.FILTER(#REF!, tblPiNAnalysis[CCCM]=F$5), 0, MATCH(_xlfn.CONCAT($Q$2, "%"), #REF!, 0))=$A10, 1, 0))=0, "",SUM(IF(INDEX(_xlfn._xlws.FILTER(#REF!, tblPiNAnalysis[CCCM]=F$5), 0, MATCH(_xlfn.CONCAT($Q$2, "%"), #REF!, 0))=$A10, 1, 0)))), "")} | I10: {=IF($H10="", "", IF($H10=2, SUM(IF(INDEX(_xlfn._xlws.FILTER(#REF!,#REF!= I$5), 0, MATCH($Q$2,#REF!, 0))>1.9, 1, 0)), IF(SUM(IF(INDEX(_xlfn._xlws.FILTER(#REF!,#REF!= I$5), 0, MATCH($Q$2,#REF!, 0))=$H10, 1, 0))=0, "", SUM(IF(INDEX(_xlfn._xlws.FILTER(#REF!,#REF!= I$5), 0, MATCH($Q$2,#REF!, 0))=$H10, 1, 0)))))} | J10: {=IFERROR(IF(OR($H10="", J9=""), "", IF($H10=2, SUM(IF(INDEX(_xlfn._xlws.FILTER(#REF!,#REF!= J$5), 0, MATCH($Q$2,#REF!, 0))>1.9, 1, 0)), IF(SUM(IF(INDEX(_xlfn._xlws.FILTER(#REF!,#REF!= J$5), 0, MATCH($Q$2,#REF!, 0))=$H10, 1, 0))=0, "", SUM(IF(INDEX(_xlfn._xlws.FILTER(#REF!,#REF!= J$5), 0, MATCH($Q$2,#REF!, 0))=$H10, 1, 0))))), "")} | K10: {=IFERROR(IF(OR($H10="", K9=""), "", IF($H10=2, SUM(IF(INDEX(_xlfn._xlws.FILTER(#REF!,#REF!= K$5), 0, MATCH($Q$2,#REF!, 0))>1.9, 1, 0)), IF(SUM(IF(INDEX(_xlfn._xlws.FILTER(#REF!,#REF!= K$5), 0, MATCH($Q$2,#REF!, 0))=$H10, 1, 0))=0, "", SUM(IF(INDEX(_xlfn._xlws.FILTER(#REF!,#REF!= K$5), 0, MATCH($Q$2,#REF!, 0))=$H10, 1, 0))))), "")} | L10: {=IFERROR(IF(OR($H10="", L9=""), "", IF($H10=2, SUM(IF(INDEX(_xlfn._xlws.FILTER(#REF!,#REF!= L$5), 0, MATCH($Q$2,#REF!, 0))>1.9, 1, 0)), IF(SUM(IF(INDEX(_xlfn._xlws.FILTER(#REF!,#REF!= L$5), 0, MATCH($Q$2,#REF!, 0))=$H10, 1, 0))=0, "", SUM(IF(INDEX(_xlfn._xlws.FILTER(#REF!,#REF!= L$5), 0, MATCH($Q$2,#REF!, 0))=$H10, 1, 0))))), "")} | M10: {=IFERROR(IF(OR($H10="", M9=""), "", IF($H10=2, SUM(IF(INDEX(_xlfn._xlws.FILTER(#REF!,#REF!= M$5), 0, MATCH($Q$2,#REF!, 0))>1.9, 1, 0)), IF(SUM(IF(INDEX(_xlfn._xlws.FILTER(#REF!,#REF!= M$5), 0, MATCH($Q$2,#REF!, 0))=$H10, 1, 0))=0, "", SUM(IF(INDEX(_xlfn._xlws.FILTER(#REF!,#REF!= M$5), 0, MATCH($Q$2,#REF!, 0))=$H10, 1, 0))))), "")}
B11: {=IF($A11="", "", IF(SUM(IF(INDEX(_xlfn._xlws.FILTER(#REF!, tblPiNAnalysis[Population Group]=B$5), 0, MATCH(_xlfn.CONCAT($Q$2, "%"), #REF!, 0))=$A11, 1, 0))=0, "",SUM(IF(INDEX(_xlfn._xlws.FILTER(#REF!, tblPiNAnalysis[Population Group]=B$5), 0, MATCH(_xlfn.CONCAT($Q$2, "%"), #REF!, 0))=$A11, 1, 0))))} | C11: {=IFERROR(IF(OR($A11="", C$5=""), "", IF(SUM(IF(INDEX(_xlfn._xlws.FILTER(#REF!, tblPiNAnalysis[Population Group]=C$5), 0, MATCH(_xlfn.CONCAT($Q$2, "%"), #REF!, 0))=$A11, 1, 0))=0, "",SUM(IF(INDEX(_xlfn._xlws.FILTER(#REF!, tblPiNAnalysis[Population Group]=C$5), 0, MATCH(_xlfn.CONCAT($Q$2, "%"), #REF!, 0))=$A11, 1, 0)))), "")} | D11: {=IFERROR(IF(OR($A11="", D$5=""), "", IF(SUM(IF(INDEX(_xlfn._xlws.FILTER(#REF!, tblPiNAnalysis[Population Group]=D$5), 0, MATCH(_xlfn.CONCAT($Q$2, "%"), #REF!, 0))=$A11, 1, 0))=0, "",SUM(IF(INDEX(_xlfn._xlws.FILTER(#REF!, tblPiNAnalysis[Population Group]=D$5), 0, MATCH(_xlfn.CONCAT($Q$2, "%"), #REF!, 0))=$A11, 1, 0)))), "")} | E11: {=IFERROR(IF(OR($A11="", E$5=""), "", IF(SUM(IF(INDEX(_xlfn._xlws.FILTER(#REF!, tblPiNAnalysis[Population Group]=E$5), 0, MATCH(_xlfn.CONCAT($Q$2, "%"), #REF!, 0))=$A11, 1, 0))=0, "",SUM(IF(INDEX(_xlfn._xlws.FILTER(#REF!, tblPiNAnalysis[Population Group]=E$5), 0, MATCH(_xlfn.CONCAT($Q$2, "%"), #REF!, 0))=$A11, 1, 0)))), "")} | F11: {=IFERROR(IF(OR($A11="", F$5=""), "", IF(SUM(IF(INDEX(_xlfn._xlws.FILTER(#REF!, tblPiNAnalysis[CCCM]=F$5), 0, MATCH(_xlfn.CONCAT($Q$2, "%"), #REF!, 0))=$A11, 1, 0))=0, "",SUM(IF(INDEX(_xlfn._xlws.FILTER(#REF!, tblPiNAnalysis[CCCM]=F$5), 0, MATCH(_xlfn.CONCAT($Q$2, "%"), #REF!, 0))=$A11, 1, 0)))), "")} | I11: {=IF($H11="", "", IF($H11=2, SUM(IF(INDEX(_xlfn._xlws.FILTER(#REF!,#REF!= I$5), 0, MATCH($Q$2,#REF!, 0))>1.9, 1, 0)), IF(SUM(IF(INDEX(_xlfn._xlws.FILTER(#REF!,#REF!= I$5), 0, MATCH($Q$2,#REF!, 0))=$H11, 1, 0))=0, "", SUM(IF(INDEX(_xlfn._xlws.FILTER(#REF!,#REF!= I$5), 0, MATCH($Q$2,#REF!, 0))=$H11, 1, 0)))))} | J11: {=IFERROR(IF(OR($H11="", J10=""), "", IF($H11=2, SUM(IF(INDEX(_xlfn._xlws.FILTER(#REF!,#REF!= J$5), 0, MATCH($Q$2,#REF!, 0))>1.9, 1, 0)), IF(SUM(IF(INDEX(_xlfn._xlws.FILTER(#REF!,#REF!= J$5), 0, MATCH($Q$2,#REF!, 0))=$H11, 1, 0))=0, "", SUM(IF(INDEX(_xlfn._xlws.FILTER(#REF!,#REF!= J$5), 0, MATCH($Q$2,#REF!, 0))=$H11, 1, 0))))), "")} | K11: {=IFERROR(IF(OR($H11="", K10=""), "", IF($H11=2, SUM(IF(INDEX(_xlfn._xlws.FILTER(#REF!,#REF!= K$5), 0, MATCH($Q$2,#REF!, 0))>1.9, 1, 0)), IF(SUM(IF(INDEX(_xlfn._xlws.FILTER(#REF!,#REF!= K$5), 0, MATCH($Q$2,#REF!, 0))=$H11, 1, 0))=0, "", SUM(IF(INDEX(_xlfn._xlws.FILTER(#REF!,#REF!= K$5), 0, MATCH($Q$2,#REF!, 0))=$H11, 1, 0))))), "")} | L11: {=IFERROR(IF(OR($H11="", L10=""), "", IF($H11=2, SUM(IF(INDEX(_xlfn._xlws.FILTER(#REF!,#REF!= L$5), 0, MATCH($Q$2,#REF!, 0))>1.9, 1, 0)), IF(SUM(IF(INDEX(_xlfn._xlws.FILTER(#REF!,#REF!= L$5), 0, MATCH($Q$2,#REF!, 0))=$H11, 1, 0))=0, "", SUM(IF(INDEX(_xlfn._xlws.FILTER(#REF!,#REF!= L$5), 0, MATCH($Q$2,#REF!, 0))=$H11, 1, 0))))), "")} | M11: {=IFERROR(IF(OR($H11="", M10=""), "", IF($H11=2, SUM(IF(INDEX(_xlfn._xlws.FILTER(#REF!,#REF!= M$5), 0, MATCH($Q$2,#REF!, 0))>1.9, 1, 0)), IF(SUM(IF(INDEX(_xlfn._xlws.FILTER(#REF!,#REF!= M$5), 0, MATCH($Q$2,#REF!, 0))=$H11, 1, 0))=0, "", SUM(IF(INDEX(_xlfn._xlws.FILTER(#REF!,#REF!= M$5), 0, MATCH($Q$2,#REF!, 0))=$H11, 1, 0))))), "")}
B12: {=IF($A12="", "", IF(SUM(IF(INDEX(_xlfn._xlws.FILTER(#REF!, tblPiNAnalysis[Population Group]=B$5), 0, MATCH(_xlfn.CONCAT($Q$2, "%"), #REF!, 0))=$A12, 1, 0))=0, "",SUM(IF(INDEX(_xlfn._xlws.FILTER(#REF!, tblPiNAnalysis[Population Group]=B$5), 0, MATCH(_xlfn.CONCAT($Q$2, "%"), #REF!, 0))=$A12, 1, 0))))} | C12: {=IFERROR(IF(OR($A12="", C$5=""), "", IF(SUM(IF(INDEX(_xlfn._xlws.FILTER(#REF!, tblPiNAnalysis[Population Group]=C$5), 0, MATCH(_xlfn.CONCAT($Q$2, "%"), #REF!, 0))=$A12, 1, 0))=0, "",SUM(IF(INDEX(_xlfn._xlws.FILTER(#REF!, tblPiNAnalysis[Population Group]=C$5), 0, MATCH(_xlfn.CONCAT($Q$2, "%"), #REF!, 0))=$A12, 1, 0)))), "")} | D12: {=IFERROR(IF(OR($A12="", D$5=""), "", IF(SUM(IF(INDEX(_xlfn._xlws.FILTER(#REF!, tblPiNAnalysis[Population Group]=D$5), 0, MATCH(_xlfn.CONCAT($Q$2, "%"), #REF!, 0))=$A12, 1, 0))=0, "",SUM(IF(INDEX(_xlfn._xlws.FILTER(#REF!, tblPiNAnalysis[Population Group]=D$5), 0, MATCH(_xlfn.CONCAT($Q$2, "%"), #REF!, 0))=$A12, 1, 0)))), "")} | E12: {=IFERROR(IF(OR($A12="", E$5=""), "", IF(SUM(IF(INDEX(_xlfn._xlws.FILTER(#REF!, tblPiNAnalysis[Population Group]=E$5), 0, MATCH(_xlfn.CONCAT($Q$2, "%"), #REF!, 0))=$A12, 1, 0))=0, "",SUM(IF(INDEX(_xlfn._xlws.FILTER(#REF!, tblPiNAnalysis[Population Group]=E$5), 0, MATCH(_xlfn.CONCAT($Q$2, "%"), #REF!, 0))=$A12, 1, 0)))), "")} | F12: {=IFERROR(IF(OR($A12="", F$5=""), "", IF(SUM(IF(INDEX(_xlfn._xlws.FILTER(#REF!, tblPiNAnalysis[CCCM]=F$5), 0, MATCH(_xlfn.CONCAT($Q$2, "%"), #REF!, 0))=$A12, 1, 0))=0, "",SUM(IF(INDEX(_xlfn._xlws.FILTER(#REF!, tblPiNAnalysis[CCCM]=F$5), 0, MATCH(_xlfn.CONCAT($Q$2, "%"), #REF!, 0))=$A12, 1, 0)))), "")} | I12: {=IF($H12="", "", IF($H12=2, SUM(IF(INDEX(_xlfn._xlws.FILTER(#REF!,#REF!= I$5), 0, MATCH($Q$2,#REF!, 0))>1.9, 1, 0)), IF(SUM(IF(INDEX(_xlfn._xlws.FILTER(#REF!,#REF!= I$5), 0, MATCH($Q$2,#REF!, 0))=$H12, 1, 0))=0, "", SUM(IF(INDEX(_xlfn._xlws.FILTER(#REF!,#REF!= I$5), 0, MATCH($Q$2,#REF!, 0))=$H12, 1, 0)))))} | J12: {=IFERROR(IF(OR($H12="", J11=""), "", IF($H12=2, SUM(IF(INDEX(_xlfn._xlws.FILTER(#REF!,#REF!= J$5), 0, MATCH($Q$2,#REF!, 0))>1.9, 1, 0)), IF(SUM(IF(INDEX(_xlfn._xlws.FILTER(#REF!,#REF!= J$5), 0, MATCH($Q$2,#REF!, 0))=$H12, 1, 0))=0, "", SUM(IF(INDEX(_xlfn._xlws.FILTER(#REF!,#REF!= J$5), 0, MATCH($Q$2,#REF!, 0))=$H12, 1, 0))))), "")} | K12: {=IFERROR(IF(OR($H12="", K11=""), "", IF($H12=2, SUM(IF(INDEX(_xlfn._xlws.FILTER(#REF!,#REF!= K$5), 0, MATCH($Q$2,#REF!, 0))>1.9, 1, 0)), IF(SUM(IF(INDEX(_xlfn._xlws.FILTER(#REF!,#REF!= K$5), 0, MATCH($Q$2,#REF!, 0))=$H12, 1, 0))=0, "", SUM(IF(INDEX(_xlfn._xlws.FILTER(#REF!,#REF!= K$5), 0, MATCH($Q$2,#REF!, 0))=$H12, 1, 0))))), "")} | L12: {=IFERROR(IF(OR($H12="", L11=""), "", IF($H12=2, SUM(IF(INDEX(_xlfn._xlws.FILTER(#REF!,#REF!= L$5), 0, MATCH($Q$2,#REF!, 0))>1.9, 1, 0)), IF(SUM(IF(INDEX(_xlfn._xlws.FILTER(#REF!,#REF!= L$5), 0, MATCH($Q$2,#REF!, 0))=$H12, 1, 0))=0, "", SUM(IF(INDEX(_xlfn._xlws.FILTER(#REF!,#REF!= L$5), 0, MATCH($Q$2,#REF!, 0))=$H12, 1, 0))))), "")} | M12: {=IFERROR(IF(OR($H12="", M11=""), "", IF($H12=2, SUM(IF(INDEX(_xlfn._xlws.FILTER(#REF!,#REF!= M$5), 0, MATCH($Q$2,#REF!, 0))>1.9, 1, 0)), IF(SUM(IF(INDEX(_xlfn._xlws.FILTER(#REF!,#REF!= M$5), 0, MATCH($Q$2,#REF!, 0))=$H12, 1, 0))=0, "", SUM(IF(INDEX(_xlfn._xlws.FILTER(#REF!,#REF!= M$5), 0, MATCH($Q$2,#REF!, 0))=$H12, 1, 0))))), "")}
B13: {=IF($A13="", "", IF(SUM(IF(INDEX(_xlfn._xlws.FILTER(#REF!, tblPiNAnalysis[Population Group]=B$5), 0, MATCH(_xlfn.CONCAT($Q$2, "%"), #REF!, 0))=$A13, 1, 0))=0, "",SUM(IF(INDEX(_xlfn._xlws.FILTER(#REF!, tblPiNAnalysis[Population Group]=B$5), 0, MATCH(_xlfn.CONCAT($Q$2, "%"), #REF!, 0))=$A13, 1, 0))))} | C13: {=IFERROR(IF(OR($A13="", C$5=""), "", IF(SUM(IF(INDEX(_xlfn._xlws.FILTER(#REF!, tblPiNAnalysis[Population Group]=C$5), 0, MATCH(_xlfn.CONCAT($Q$2, "%"), #REF!, 0))=$A13, 1, 0))=0, "",SUM(IF(INDEX(_xlfn._xlws.FILTER(#REF!, tblPiNAnalysis[Population Group]=C$5), 0, MATCH(_xlfn.CONCAT($Q$2, "%"), #REF!, 0))=$A13, 1, 0)))), "")} | D13: {=IFERROR(IF(OR($A13="", D$5=""), "", IF(SUM(IF(INDEX(_xlfn._xlws.FILTER(#REF!, tblPiNAnalysis[Population Group]=D$5), 0, MATCH(_xlfn.CONCAT($Q$2, "%"), #REF!, 0))=$A13, 1, 0))=0, "",SUM(IF(INDEX(_xlfn._xlws.FILTER(#REF!, tblPiNAnalysis[Population Group]=D$5), 0, MATCH(_xlfn.CONCAT($Q$2, "%"), #REF!, 0))=$A13, 1, 0)))), "")} | E13: {=IFERROR(IF(OR($A13="", E$5=""), "", IF(SUM(IF(INDEX(_xlfn._xlws.FILTER(#REF!, tblPiNAnalysis[Population Group]=E$5), 0, MATCH(_xlfn.CONCAT($Q$2, "%"), #REF!, 0))=$A13, 1, 0))=0, "",SUM(IF(INDEX(_xlfn._xlws.FILTER(#REF!, tblPiNAnalysis[Population Group]=E$5), 0, MATCH(_xlfn.CONCAT($Q$2, "%"), #REF!, 0))=$A13, 1, 0)))), "")} | F13: {=IFERROR(IF(OR($A13="", F$5=""), "", IF(SUM(IF(INDEX(_xlfn._xlws.FILTER(#REF!, tblPiNAnalysis[CCCM]=F$5), 0, MATCH(_xlfn.CONCAT($Q$2, "%"), #REF!, 0))=$A13, 1, 0))=0, "",SUM(IF(INDEX(_xlfn._xlws.FILTER(#REF!, tblPiNAnalysis[CCCM]=F$5), 0, MATCH(_xlfn.CONCAT($Q$2, "%"), #REF!, 0))=$A13, 1, 0)))), "")} | I13: {=IF($H13="", "", IF($H13=2, SUM(IF(INDEX(_xlfn._xlws.FILTER(#REF!,#REF!= I$5), 0, MATCH($Q$2,#REF!, 0))>1.9, 1, 0)), IF(SUM(IF(INDEX(_xlfn._xlws.FILTER(#REF!,#REF!= I$5), 0, MATCH($Q$2,#REF!, 0))=$H13, 1, 0))=0, "", SUM(IF(INDEX(_xlfn._xlws.FILTER(#REF!,#REF!= I$5), 0, MATCH($Q$2,#REF!, 0))=$H13, 1, 0)))))} | J13: {=IFERROR(IF(OR($H13="", J12=""), "", IF($H13=2, SUM(IF(INDEX(_xlfn._xlws.FILTER(#REF!,#REF!= J$5), 0, MATCH($Q$2,#REF!, 0))>1.9, 1, 0)), IF(SUM(IF(INDEX(_xlfn._xlws.FILTER(#REF!,#REF!= J$5), 0, MATCH($Q$2,#REF!, 0))=$H13, 1, 0))=0, "", SUM(IF(INDEX(_xlfn._xlws.FILTER(#REF!,#REF!= J$5), 0, MATCH($Q$2,#REF!, 0))=$H13, 1, 0))))), "")} | K13: {=IFERROR(IF(OR($H13="", K12=""), "", IF($H13=2, SUM(IF(INDEX(_xlfn._xlws.FILTER(#REF!,#REF!= K$5), 0, MATCH($Q$2,#REF!, 0))>1.9, 1, 0)), IF(SUM(IF(INDEX(_xlfn._xlws.FILTER(#REF!,#REF!= K$5), 0, MATCH($Q$2,#REF!, 0))=$H13, 1, 0))=0, "", SUM(IF(INDEX(_xlfn._xlws.FILTER(#REF!,#REF!= K$5), 0, MATCH($Q$2,#REF!, 0))=$H13, 1, 0))))), "")} | L13: {=IFERROR(IF(OR($H13="", L12=""), "", IF($H13=2, SUM(IF(INDEX(_xlfn._xlws.FILTER(#REF!,#REF!= L$5), 0, MATCH($Q$2,#REF!, 0))>1.9, 1, 0)), IF(SUM(IF(INDEX(_xlfn._xlws.FILTER(#REF!,#REF!= L$5), 0, MATCH($Q$2,#REF!, 0))=$H13, 1, 0))=0, "", SUM(IF(INDEX(_xlfn._xlws.FILTER(#REF!,#REF!= L$5), 0, MATCH($Q$2,#REF!, 0))=$H13, 1, 0))))), "")} | M13: {=IFERROR(IF(OR($H13="", M12=""), "", IF($H13=2, SUM(IF(INDEX(_xlfn._xlws.FILTER(#REF!,#REF!= M$5), 0, MATCH($Q$2,#REF!, 0))>1.9, 1, 0)), IF(SUM(IF(INDEX(_xlfn._xlws.FILTER(#REF!,#REF!= M$5), 0, MATCH($Q$2,#REF!, 0))=$H13, 1, 0))=0, "", SUM(IF(INDEX(_xlfn._xlws.FILTER(#REF!,#REF!= M$5), 0, MATCH($Q$2,#REF!, 0))=$H13, 1, 0))))), "")}
B14: {=IF($A14="", "", IF(SUM(IF(INDEX(_xlfn._xlws.FILTER(#REF!, tblPiNAnalysis[Population Group]=B$5), 0, MATCH(_xlfn.CONCAT($Q$2, "%"), #REF!, 0))=$A14, 1, 0))=0, "",SUM(IF(INDEX(_xlfn._xlws.FILTER(#REF!, tblPiNAnalysis[Population Group]=B$5), 0, MATCH(_xlfn.CONCAT($Q$2, "%"), #REF!, 0))=$A14, 1, 0))))} | C14: {=IFERROR(IF(OR($A14="", C$5=""), "", IF(SUM(IF(INDEX(_xlfn._xlws.FILTER(#REF!, tblPiNAnalysis[Population Group]=C$5), 0, MATCH(_xlfn.CONCAT($Q$2, "%"), #REF!, 0))=$A14, 1, 0))=0, "",SUM(IF(INDEX(_xlfn._xlws.FILTER(#REF!, tblPiNAnalysis[Population Group]=C$5), 0, MATCH(_xlfn.CONCAT($Q$2, "%"), #REF!, 0))=$A14, 1, 0)))), "")} | D14: {=IFERROR(IF(OR($A14="", D$5=""), "", IF(SUM(IF(INDEX(_xlfn._xlws.FILTER(#REF!, tblPiNAnalysis[Population Group]=D$5), 0, MATCH(_xlfn.CONCAT($Q$2, "%"), #REF!, 0))=$A14, 1, 0))=0, "",SUM(IF(INDEX(_xlfn._xlws.FILTER(#REF!, tblPiNAnalysis[Population Group]=D$5), 0, MATCH(_xlfn.CONCAT($Q$2, "%"), #REF!, 0))=$A14, 1, 0)))), "")} | E14: {=IFERROR(IF(OR($A14="", E$5=""), "", IF(SUM(IF(INDEX(_xlfn._xlws.FILTER(#REF!, tblPiNAnalysis[Population Group]=E$5), 0, MATCH(_xlfn.CONCAT($Q$2, "%"), #REF!, 0))=$A14, 1, 0))=0, "",SUM(IF(INDEX(_xlfn._xlws.FILTER(#REF!, tblPiNAnalysis[Population Group]=E$5), 0, MATCH(_xlfn.CONCAT($Q$2, "%"), #REF!, 0))=$A14, 1, 0)))), "")} | F14: {=IFERROR(IF(OR($A14="", F$5=""), "", IF(SUM(IF(INDEX(_xlfn._xlws.FILTER(#REF!, tblPiNAnalysis[CCCM]=F$5), 0, MATCH(_xlfn.CONCAT($Q$2, "%"), #REF!, 0))=$A14, 1, 0))=0, "",SUM(IF(INDEX(_xlfn._xlws.FILTER(#REF!, tblPiNAnalysis[CCCM]=F$5), 0, MATCH(_xlfn.CONCAT($Q$2, "%"), #REF!, 0))=$A14, 1, 0)))), "")} | I14: {=IF($H14="", "", IF($H14=2, SUM(IF(INDEX(_xlfn._xlws.FILTER(#REF!,#REF!= I$5), 0, MATCH($Q$2,#REF!, 0))>1.9, 1, 0)), IF(SUM(IF(INDEX(_xlfn._xlws.FILTER(#REF!,#REF!= I$5), 0, MATCH($Q$2,#REF!, 0))=$H14, 1, 0))=0, "", SUM(IF(INDEX(_xlfn._xlws.FILTER(#REF!,#REF!= I$5), 0, MATCH($Q$2,#REF!, 0))=$H14, 1, 0)))))} | J14: {=IFERROR(IF(OR($H14="", J13=""), "", IF($H14=2, SUM(IF(INDEX(_xlfn._xlws.FILTER(#REF!,#REF!= J$5), 0, MATCH($Q$2,#REF!, 0))>1.9, 1, 0)), IF(SUM(IF(INDEX(_xlfn._xlws.FILTER(#REF!,#REF!= J$5), 0, MATCH($Q$2,#REF!, 0))=$H14, 1, 0))=0, "", SUM(IF(INDEX(_xlfn._xlws.FILTER(#REF!,#REF!= J$5), 0, MATCH($Q$2,#REF!, 0))=$H14, 1, 0))))), "")} | K14: {=IFERROR(IF(OR($H14="", K13=""), "", IF($H14=2, SUM(IF(INDEX(_xlfn._xlws.FILTER(#REF!,#REF!= K$5), 0, MATCH($Q$2,#REF!, 0))>1.9, 1, 0)), IF(SUM(IF(INDEX(_xlfn._xlws.FILTER(#REF!,#REF!= K$5), 0, MATCH($Q$2,#REF!, 0))=$H14, 1, 0))=0, "", SUM(IF(INDEX(_xlfn._xlws.FILTER(#REF!,#REF!= K$5), 0, MATCH($Q$2,#REF!, 0))=$H14, 1, 0))))), "")} | L14: {=IFERROR(IF(OR($H14="", L13=""), "", IF($H14=2, SUM(IF(INDEX(_xlfn._xlws.FILTER(#REF!,#REF!= L$5), 0, MATCH($Q$2,#REF!, 0))>1.9, 1, 0)), IF(SUM(IF(INDEX(_xlfn._xlws.FILTER(#REF!,#REF!= L$5), 0, MATCH($Q$2,#REF!, 0))=$H14, 1, 0))=0, "", SUM(IF(INDEX(_xlfn._xlws.FILTER(#REF!,#REF!= L$5), 0, MATCH($Q$2,#REF!, 0))=$H14, 1, 0))))), "")} | M14: {=IFERROR(IF(OR($H14="", M13=""), "", IF($H14=2, SUM(IF(INDEX(_xlfn._xlws.FILTER(#REF!,#REF!= M$5), 0, MATCH($Q$2,#REF!, 0))>1.9, 1, 0)), IF(SUM(IF(INDEX(_xlfn._xlws.FILTER(#REF!,#REF!= M$5), 0, MATCH($Q$2,#REF!, 0))=$H14, 1, 0))=0, "", SUM(IF(INDEX(_xlfn._xlws.FILTER(#REF!,#REF!= M$5), 0, MATCH($Q$2,#REF!, 0))=$H14, 1, 0))))), "")}
B15: {=IF($A15="", "", IF(SUM(IF(INDEX(_xlfn._xlws.FILTER(#REF!, tblPiNAnalysis[Population Group]=B$5), 0, MATCH(_xlfn.CONCAT($Q$2, "%"), #REF!, 0))=$A15, 1, 0))=0, "",SUM(IF(INDEX(_xlfn._xlws.FILTER(#REF!, tblPiNAnalysis[Population Group]=B$5), 0, MATCH(_xlfn.CONCAT($Q$2, "%"), #REF!, 0))=$A15, 1, 0))))} | C15: {=IFERROR(IF(OR($A15="", C$5=""), "", IF(SUM(IF(INDEX(_xlfn._xlws.FILTER(#REF!, tblPiNAnalysis[Population Group]=C$5), 0, MATCH(_xlfn.CONCAT($Q$2, "%"), #REF!, 0))=$A15, 1, 0))=0, "",SUM(IF(INDEX(_xlfn._xlws.FILTER(#REF!, tblPiNAnalysis[Population Group]=C$5), 0, MATCH(_xlfn.CONCAT($Q$2, "%"), #REF!, 0))=$A15, 1, 0)))), "")} | D15: {=IFERROR(IF(OR($A15="", D$5=""), "", IF(SUM(IF(INDEX(_xlfn._xlws.FILTER(#REF!, tblPiNAnalysis[Population Group]=D$5), 0, MATCH(_xlfn.CONCAT($Q$2, "%"), #REF!, 0))=$A15, 1, 0))=0, "",SUM(IF(INDEX(_xlfn._xlws.FILTER(#REF!, tblPiNAnalysis[Population Group]=D$5), 0, MATCH(_xlfn.CONCAT($Q$2, "%"), #REF!, 0))=$A15, 1, 0)))), "")} | E15: {=IFERROR(IF(OR($A15="", E$5=""), "", IF(SUM(IF(INDEX(_xlfn._xlws.FILTER(#REF!, tblPiNAnalysis[Population Group]=E$5), 0, MATCH(_xlfn.CONCAT($Q$2, "%"), #REF!, 0))=$A15, 1, 0))=0, "",SUM(IF(INDEX(_xlfn._xlws.FILTER(#REF!, tblPiNAnalysis[Population Group]=E$5), 0, MATCH(_xlfn.CONCAT($Q$2, "%"), #REF!, 0))=$A15, 1, 0)))), "")} | F15: {=IFERROR(IF(OR($A15="", F$5=""), "", IF(SUM(IF(INDEX(_xlfn._xlws.FILTER(#REF!, tblPiNAnalysis[CCCM]=F$5), 0, MATCH(_xlfn.CONCAT($Q$2, "%"), #REF!, 0))=$A15, 1, 0))=0, "",SUM(IF(INDEX(_xlfn._xlws.FILTER(#REF!, tblPiNAnalysis[CCCM]=F$5), 0, MATCH(_xlfn.CONCAT($Q$2, "%"), #REF!, 0))=$A15, 1, 0)))), "")} | I15: {=IF($H15="", "", IF($H15=2, SUM(IF(INDEX(_xlfn._xlws.FILTER(#REF!,#REF!= I$5), 0, MATCH($Q$2,#REF!, 0))>1.9, 1, 0)), IF(SUM(IF(INDEX(_xlfn._xlws.FILTER(#REF!,#REF!= I$5), 0, MATCH($Q$2,#REF!, 0))=$H15, 1, 0))=0, "", SUM(IF(INDEX(_xlfn._xlws.FILTER(#REF!,#REF!= I$5), 0, MATCH($Q$2,#REF!, 0))=$H15, 1, 0)))))} | J15: {=IFERROR(IF(OR($H15="", J14=""), "", IF($H15=2, SUM(IF(INDEX(_xlfn._xlws.FILTER(#REF!,#REF!= J$5), 0, MATCH($Q$2,#REF!, 0))>1.9, 1, 0)), IF(SUM(IF(INDEX(_xlfn._xlws.FILTER(#REF!,#REF!= J$5), 0, MATCH($Q$2,#REF!, 0))=$H15, 1, 0))=0, "", SUM(IF(INDEX(_xlfn._xlws.FILTER(#REF!,#REF!= J$5), 0, MATCH($Q$2,#REF!, 0))=$H15, 1, 0))))), "")} | K15: {=IFERROR(IF(OR($H15="", K14=""), "", IF($H15=2, SUM(IF(INDEX(_xlfn._xlws.FILTER(#REF!,#REF!= K$5), 0, MATCH($Q$2,#REF!, 0))>1.9, 1, 0)), IF(SUM(IF(INDEX(_xlfn._xlws.FILTER(#REF!,#REF!= K$5), 0, MATCH($Q$2,#REF!, 0))=$H15, 1, 0))=0, "", SUM(IF(INDEX(_xlfn._xlws.FILTER(#REF!,#REF!= K$5), 0, MATCH($Q$2,#REF!, 0))=$H15, 1, 0))))), "")} | L15: {=IFERROR(IF(OR($H15="", L14=""), "", IF($H15=2, SUM(IF(INDEX(_xlfn._xlws.FILTER(#REF!,#REF!= L$5), 0, MATCH($Q$2,#REF!, 0))>1.9, 1, 0)), IF(SUM(IF(INDEX(_xlfn._xlws.FILTER(#REF!,#REF!= L$5), 0, MATCH($Q$2,#REF!, 0))=$H15, 1, 0))=0, "", SUM(IF(INDEX(_xlfn._xlws.FILTER(#REF!,#REF!= L$5), 0, MATCH($Q$2,#REF!, 0))=$H15, 1, 0))))), "")} | M15: {=IFERROR(IF(OR($H15="", M14=""), "", IF($H15=2, SUM(IF(INDEX(_xlfn._xlws.FILTER(#REF!,#REF!= M$5), 0, MATCH($Q$2,#REF!, 0))>1.9, 1, 0)), IF(SUM(IF(INDEX(_xlfn._xlws.FILTER(#REF!,#REF!= M$5), 0, MATCH($Q$2,#REF!, 0))=$H15, 1, 0))=0, "", SUM(IF(INDEX(_xlfn._xlws.FILTER(#REF!,#REF!= M$5), 0, MATCH($Q$2,#REF!, 0))=$H15, 1, 0))))), "")}
B16: {=IF($A16="", "", IF(SUM(IF(INDEX(_xlfn._xlws.FILTER(#REF!, tblPiNAnalysis[Population Group]=B$5), 0, MATCH(_xlfn.CONCAT($Q$2, "%"), #REF!, 0))=$A16, 1, 0))=0, "",SUM(IF(INDEX(_xlfn._xlws.FILTER(#REF!, tblPiNAnalysis[Population Group]=B$5), 0, MATCH(_xlfn.CONCAT($Q$2, "%"), #REF!, 0))=$A16, 1, 0))))} | C16: {=IFERROR(IF(OR($A16="", C$5=""), "", IF(SUM(IF(INDEX(_xlfn._xlws.FILTER(#REF!, tblPiNAnalysis[Population Group]=C$5), 0, MATCH(_xlfn.CONCAT($Q$2, "%"), #REF!, 0))=$A16, 1, 0))=0, "",SUM(IF(INDEX(_xlfn._xlws.FILTER(#REF!, tblPiNAnalysis[Population Group]=C$5), 0, MATCH(_xlfn.CONCAT($Q$2, "%"), #REF!, 0))=$A16, 1, 0)))), "")} | D16: {=IFERROR(IF(OR($A16="", D$5=""), "", IF(SUM(IF(INDEX(_xlfn._xlws.FILTER(#REF!, tblPiNAnalysis[Population Group]=D$5), 0, MATCH(_xlfn.CONCAT($Q$2, "%"), #REF!, 0))=$A16, 1, 0))=0, "",SUM(IF(INDEX(_xlfn._xlws.FILTER(#REF!, tblPiNAnalysis[Population Group]=D$5), 0, MATCH(_xlfn.CONCAT($Q$2, "%"), #REF!, 0))=$A16, 1, 0)))), "")} | E16: {=IFERROR(IF(OR($A16="", E$5=""), "", IF(SUM(IF(INDEX(_xlfn._xlws.FILTER(#REF!, tblPiNAnalysis[Population Group]=E$5), 0, MATCH(_xlfn.CONCAT($Q$2, "%"), #REF!, 0))=$A16, 1, 0))=0, "",SUM(IF(INDEX(_xlfn._xlws.FILTER(#REF!, tblPiNAnalysis[Population Group]=E$5), 0, MATCH(_xlfn.CONCAT($Q$2, "%"), #REF!, 0))=$A16, 1, 0)))), "")} | F16: {=IFERROR(IF(OR($A16="", F$5=""), "", IF(SUM(IF(INDEX(_xlfn._xlws.FILTER(#REF!, tblPiNAnalysis[CCCM]=F$5), 0, MATCH(_xlfn.CONCAT($Q$2, "%"), #REF!, 0))=$A16, 1, 0))=0, "",SUM(IF(INDEX(_xlfn._xlws.FILTER(#REF!, tblPiNAnalysis[CCCM]=F$5), 0, MATCH(_xlfn.CONCAT($Q$2, "%"), #REF!, 0))=$A16, 1, 0)))), "")} | I16: {=IF($H16="", "", IF($H16=2, SUM(IF(INDEX(_xlfn._xlws.FILTER(#REF!,#REF!= I$5), 0, MATCH($Q$2,#REF!, 0))>1.9, 1, 0)), IF(SUM(IF(INDEX(_xlfn._xlws.FILTER(#REF!,#REF!= I$5), 0, MATCH($Q$2,#REF!, 0))=$H16, 1, 0))=0, "", SUM(IF(INDEX(_xlfn._xlws.FILTER(#REF!,#REF!= I$5), 0, MATCH($Q$2,#REF!, 0))=$H16, 1, 0)))))} | J16: {=IFERROR(IF(OR($H16="", J15=""), "", IF($H16=2, SUM(IF(INDEX(_xlfn._xlws.FILTER(#REF!,#REF!= J$5), 0, MATCH($Q$2,#REF!, 0))>1.9, 1, 0)), IF(SUM(IF(INDEX(_xlfn._xlws.FILTER(#REF!,#REF!= J$5), 0, MATCH($Q$2,#REF!, 0))=$H16, 1, 0))=0, "", SUM(IF(INDEX(_xlfn._xlws.FILTER(#REF!,#REF!= J$5), 0, MATCH($Q$2,#REF!, 0))=$H16, 1, 0))))), "")} | K16: {=IFERROR(IF(OR($H16="", K15=""), "", IF($H16=2, SUM(IF(INDEX(_xlfn._xlws.FILTER(#REF!,#REF!= K$5), 0, MATCH($Q$2,#REF!, 0))>1.9, 1, 0)), IF(SUM(IF(INDEX(_xlfn._xlws.FILTER(#REF!,#REF!= K$5), 0, MATCH($Q$2,#REF!, 0))=$H16, 1, 0))=0, "", SUM(IF(INDEX(_xlfn._xlws.FILTER(#REF!,#REF!= K$5), 0, MATCH($Q$2,#REF!, 0))=$H16, 1, 0))))), "")} | L16: {=IFERROR(IF(OR($H16="", L15=""), "", IF($H16=2, SUM(IF(INDEX(_xlfn._xlws.FILTER(#REF!,#REF!= L$5), 0, MATCH($Q$2,#REF!, 0))>1.9, 1, 0)), IF(SUM(IF(INDEX(_xlfn._xlws.FILTER(#REF!,#REF!= L$5), 0, MATCH($Q$2,#REF!, 0))=$H16, 1, 0))=0, "", SUM(IF(INDEX(_xlfn._xlws.FILTER(#REF!,#REF!= L$5), 0, MATCH($Q$2,#REF!, 0))=$H16, 1, 0))))), "")} | M16: {=IFERROR(IF(OR($H16="", M15=""), "", IF($H16=2, SUM(IF(INDEX(_xlfn._xlws.FILTER(#REF!,#REF!= M$5), 0, MATCH($Q$2,#REF!, 0))>1.9, 1, 0)), IF(SUM(IF(INDEX(_xlfn._xlws.FILTER(#REF!,#REF!= M$5), 0, MATCH($Q$2,#REF!, 0))=$H16, 1, 0))=0, "", SUM(IF(INDEX(_xlfn._xlws.FILTER(#REF!,#REF!= M$5), 0, MATCH($Q$2,#REF!, 0))=$H16, 1, 0))))), "")}
B17: {=IF($A17="", "", IF(SUM(IF(INDEX(_xlfn._xlws.FILTER(#REF!, tblPiNAnalysis[Population Group]=B$5), 0, MATCH(_xlfn.CONCAT($Q$2, "%"), #REF!, 0))=$A17, 1, 0))=0, "",SUM(IF(INDEX(_xlfn._xlws.FILTER(#REF!, tblPiNAnalysis[Population Group]=B$5), 0, MATCH(_xlfn.CONCAT($Q$2, "%"), #REF!, 0))=$A17, 1, 0))))} | C17: {=IFERROR(IF(OR($A17="", C$5=""), "", IF(SUM(IF(INDEX(_xlfn._xlws.FILTER(#REF!, tblPiNAnalysis[Population Group]=C$5), 0, MATCH(_xlfn.CONCAT($Q$2, "%"), #REF!, 0))=$A17, 1, 0))=0, "",SUM(IF(INDEX(_xlfn._xlws.FILTER(#REF!, tblPiNAnalysis[Population Group]=C$5), 0, MATCH(_xlfn.CONCAT($Q$2, "%"), #REF!, 0))=$A17, 1, 0)))), "")} | D17: {=IFERROR(IF(OR($A17="", D$5=""), "", IF(SUM(IF(INDEX(_xlfn._xlws.FILTER(#REF!, tblPiNAnalysis[Population Group]=D$5), 0, MATCH(_xlfn.CONCAT($Q$2, "%"), #REF!, 0))=$A17, 1, 0))=0, "",SUM(IF(INDEX(_xlfn._xlws.FILTER(#REF!, tblPiNAnalysis[Population Group]=D$5), 0, MATCH(_xlfn.CONCAT($Q$2, "%"), #REF!, 0))=$A17, 1, 0)))), "")} | E17: {=IFERROR(IF(OR($A17="", E$5=""), "", IF(SUM(IF(INDEX(_xlfn._xlws.FILTER(#REF!, tblPiNAnalysis[Population Group]=E$5), 0, MATCH(_xlfn.CONCAT($Q$2, "%"), #REF!, 0))=$A17, 1, 0))=0, "",SUM(IF(INDEX(_xlfn._xlws.FILTER(#REF!, tblPiNAnalysis[Population Group]=E$5), 0, MATCH(_xlfn.CONCAT($Q$2, "%"), #REF!, 0))=$A17, 1, 0)))), "")} | F17: {=IFERROR(IF(OR($A17="", F$5=""), "", IF(SUM(IF(INDEX(_xlfn._xlws.FILTER(#REF!, tblPiNAnalysis[CCCM]=F$5), 0, MATCH(_xlfn.CONCAT($Q$2, "%"), #REF!, 0))=$A17, 1, 0))=0, "",SUM(IF(INDEX(_xlfn._xlws.FILTER(#REF!, tblPiNAnalysis[CCCM]=F$5), 0, MATCH(_xlfn.CONCAT($Q$2, "%"), #REF!, 0))=$A17, 1, 0)))), "")} | I17: {=IF($H17="", "", IF($H17=2, SUM(IF(INDEX(_xlfn._xlws.FILTER(#REF!,#REF!= I$5), 0, MATCH($Q$2,#REF!, 0))>1.9, 1, 0)), IF(SUM(IF(INDEX(_xlfn._xlws.FILTER(#REF!,#REF!= I$5), 0, MATCH($Q$2,#REF!, 0))=$H17, 1, 0))=0, "", SUM(IF(INDEX(_xlfn._xlws.FILTER(#REF!,#REF!= I$5), 0, MATCH($Q$2,#REF!, 0))=$H17, 1, 0)))))} | J17: {=IFERROR(IF(OR($H17="", J16=""), "", IF($H17=2, SUM(IF(INDEX(_xlfn._xlws.FILTER(#REF!,#REF!= J$5), 0, MATCH($Q$2,#REF!, 0))>1.9, 1, 0)), IF(SUM(IF(INDEX(_xlfn._xlws.FILTER(#REF!,#REF!= J$5), 0, MATCH($Q$2,#REF!, 0))=$H17, 1, 0))=0, "", SUM(IF(INDEX(_xlfn._xlws.FILTER(#REF!,#REF!= J$5), 0, MATCH($Q$2,#REF!, 0))=$H17, 1, 0))))), "")} | K17: {=IFERROR(IF(OR($H17="", K16=""), "", IF($H17=2, SUM(IF(INDEX(_xlfn._xlws.FILTER(#REF!,#REF!= K$5), 0, MATCH($Q$2,#REF!, 0))>1.9, 1, 0)), IF(SUM(IF(INDEX(_xlfn._xlws.FILTER(#REF!,#REF!= K$5), 0, MATCH($Q$2,#REF!, 0))=$H17, 1, 0))=0, "", SUM(IF(INDEX(_xlfn._xlws.FILTER(#REF!,#REF!= K$5), 0, MATCH($Q$2,#REF!, 0))=$H17, 1, 0))))), "")} | L17: {=IFERROR(IF(OR($H17="", L16=""), "", IF($H17=2, SUM(IF(INDEX(_xlfn._xlws.FILTER(#REF!,#REF!= L$5), 0, MATCH($Q$2,#REF!, 0))>1.9, 1, 0)), IF(SUM(IF(INDEX(_xlfn._xlws.FILTER(#REF!,#REF!= L$5), 0, MATCH($Q$2,#REF!, 0))=$H17, 1, 0))=0, "", SUM(IF(INDEX(_xlfn._xlws.FILTER(#REF!,#REF!= L$5), 0, MATCH($Q$2,#REF!, 0))=$H17, 1, 0))))), "")} | M17: {=IFERROR(IF(OR($H17="", M16=""), "", IF($H17=2, SUM(IF(INDEX(_xlfn._xlws.FILTER(#REF!,#REF!= M$5), 0, MATCH($Q$2,#REF!, 0))>1.9, 1, 0)), IF(SUM(IF(INDEX(_xlfn._xlws.FILTER(#REF!,#REF!= M$5), 0, MATCH($Q$2,#REF!, 0))=$H17, 1, 0))=0, "", SUM(IF(INDEX(_xlfn._xlws.FILTER(#REF!,#REF!= M$5), 0, MATCH($Q$2,#REF!, 0))=$H17, 1, 0))))), "")}
B18: {=IF($A18="", "", IF(SUM(IF(INDEX(_xlfn._xlws.FILTER(#REF!, tblPiNAnalysis[Population Group]=B$5), 0, MATCH(_xlfn.CONCAT($Q$2, "%"), #REF!, 0))=$A18, 1, 0))=0, "",SUM(IF(INDEX(_xlfn._xlws.FILTER(#REF!, tblPiNAnalysis[Population Group]=B$5), 0, MATCH(_xlfn.CONCAT($Q$2, "%"), #REF!, 0))=$A18, 1, 0))))} | C18: {=IFERROR(IF(OR($A18="", C$5=""), "", IF(SUM(IF(INDEX(_xlfn._xlws.FILTER(#REF!, tblPiNAnalysis[Population Group]=C$5), 0, MATCH(_xlfn.CONCAT($Q$2, "%"), #REF!, 0))=$A18, 1, 0))=0, "",SUM(IF(INDEX(_xlfn._xlws.FILTER(#REF!, tblPiNAnalysis[Population Group]=C$5), 0, MATCH(_xlfn.CONCAT($Q$2, "%"), #REF!, 0))=$A18, 1, 0)))), "")} | D18: {=IFERROR(IF(OR($A18="", D$5=""), "", IF(SUM(IF(INDEX(_xlfn._xlws.FILTER(#REF!, tblPiNAnalysis[Population Group]=D$5), 0, MATCH(_xlfn.CONCAT($Q$2, "%"), #REF!, 0))=$A18, 1, 0))=0, "",SUM(IF(INDEX(_xlfn._xlws.FILTER(#REF!, tblPiNAnalysis[Population Group]=D$5), 0, MATCH(_xlfn.CONCAT($Q$2, "%"), #REF!, 0))=$A18, 1, 0)))), "")} | E18: {=IFERROR(IF(OR($A18="", E$5=""), "", IF(SUM(IF(INDEX(_xlfn._xlws.FILTER(#REF!, tblPiNAnalysis[Population Group]=E$5), 0, MATCH(_xlfn.CONCAT($Q$2, "%"), #REF!, 0))=$A18, 1, 0))=0, "",SUM(IF(INDEX(_xlfn._xlws.FILTER(#REF!, tblPiNAnalysis[Population Group]=E$5), 0, MATCH(_xlfn.CONCAT($Q$2, "%"), #REF!, 0))=$A18, 1, 0)))), "")} | F18: {=IFERROR(IF(OR($A18="", F$5=""), "", IF(SUM(IF(INDEX(_xlfn._xlws.FILTER(#REF!, tblPiNAnalysis[CCCM]=F$5), 0, MATCH(_xlfn.CONCAT($Q$2, "%"), #REF!, 0))=$A18, 1, 0))=0, "",SUM(IF(INDEX(_xlfn._xlws.FILTER(#REF!, tblPiNAnalysis[CCCM]=F$5), 0, MATCH(_xlfn.CONCAT($Q$2, "%"), #REF!, 0))=$A18, 1, 0)))), "")} | I18: {=IF($H18="", "", IF($H18=2, SUM(IF(INDEX(_xlfn._xlws.FILTER(#REF!,#REF!= I$5), 0, MATCH($Q$2,#REF!, 0))>1.9, 1, 0)), IF(SUM(IF(INDEX(_xlfn._xlws.FILTER(#REF!,#REF!= I$5), 0, MATCH($Q$2,#REF!, 0))=$H18, 1, 0))=0, "", SUM(IF(INDEX(_xlfn._xlws.FILTER(#REF!,#REF!= I$5), 0, MATCH($Q$2,#REF!, 0))=$H18, 1, 0)))))} | J18: {=IFERROR(IF(OR($H18="", J17=""), "", IF($H18=2, SUM(IF(INDEX(_xlfn._xlws.FILTER(#REF!,#REF!= J$5), 0, MATCH($Q$2,#REF!, 0))>1.9, 1, 0)), IF(SUM(IF(INDEX(_xlfn._xlws.FILTER(#REF!,#REF!= J$5), 0, MATCH($Q$2,#REF!, 0))=$H18, 1, 0))=0, "", SUM(IF(INDEX(_xlfn._xlws.FILTER(#REF!,#REF!= J$5), 0, MATCH($Q$2,#REF!, 0))=$H18, 1, 0))))), "")} | K18: {=IFERROR(IF(OR($H18="", K17=""), "", IF($H18=2, SUM(IF(INDEX(_xlfn._xlws.FILTER(#REF!,#REF!= K$5), 0, MATCH($Q$2,#REF!, 0))>1.9, 1, 0)), IF(SUM(IF(INDEX(_xlfn._xlws.FILTER(#REF!,#REF!= K$5), 0, MATCH($Q$2,#REF!, 0))=$H18, 1, 0))=0, "", SUM(IF(INDEX(_xlfn._xlws.FILTER(#REF!,#REF!= K$5), 0, MATCH($Q$2,#REF!, 0))=$H18, 1, 0))))), "")} | L18: {=IFERROR(IF(OR($H18="", L17=""), "", IF($H18=2, SUM(IF(INDEX(_xlfn._xlws.FILTER(#REF!,#REF!= L$5), 0, MATCH($Q$2,#REF!, 0))>1.9, 1, 0)), IF(SUM(IF(INDEX(_xlfn._xlws.FILTER(#REF!,#REF!= L$5), 0, MATCH($Q$2,#REF!, 0))=$H18, 1, 0))=0, "", SUM(IF(INDEX(_xlfn._xlws.FILTER(#REF!,#REF!= L$5), 0, MATCH($Q$2,#REF!, 0))=$H18, 1, 0))))), "")} | M18: {=IFERROR(IF(OR($H18="", M17=""), "", IF($H18=2, SUM(IF(INDEX(_xlfn._xlws.FILTER(#REF!,#REF!= M$5), 0, MATCH($Q$2,#REF!, 0))>1.9, 1, 0)), IF(SUM(IF(INDEX(_xlfn._xlws.FILTER(#REF!,#REF!= M$5), 0, MATCH($Q$2,#REF!, 0))=$H18, 1, 0))=0, "", SUM(IF(INDEX(_xlfn._xlws.FILTER(#REF!,#REF!= M$5), 0, MATCH($Q$2,#REF!, 0))=$H18, 1, 0))))), "")}
... B27: {=IF($A27="", "", IF(SUM(IF(INDEX(_xlfn._xlws.FILTER(#REF!, tblPiNAnalysis[Population Group]=B$5), 0, MATCH(_xlfn.CONCAT($Q$2, "%"), #REF!, 0))=$A27, 1, 0))=0, "",SUM(IF(INDEX(_xlfn._xlws.FILTER(#REF!, tblPiNAnalysis[Population Group]=B$5), 0, MATCH(_xlfn.CONCAT($Q$2, "%"), #REF!, 0))=$A27, 1, 0))))} | C27: {=IFERROR(IF(OR($A27="", C$5=""), "", IF(SUM(IF(INDEX(_xlfn._xlws.FILTER(#REF!, tblPiNAnalysis[Population Group]=C$5), 0, MATCH(_xlfn.CONCAT($Q$2, "%"), #REF!, 0))=$A27, 1, 0))=0, "",SUM(IF(INDEX(_xlfn._xlws.FILTER(#REF!, tblPiNAnalysis[Population Group]=C$5), 0, MATCH(_xlfn.CONCAT($Q$2, "%"), #REF!, 0))=$A27, 1, 0)))), "")} | D27: {=IFERROR(IF(OR($A27="", D$5=""), "", IF(SUM(IF(INDEX(_xlfn._xlws.FILTER(#REF!, tblPiNAnalysis[Population Group]=D$5), 0, MATCH(_xlfn.CONCAT($Q$2, "%"), #REF!, 0))=$A27, 1, 0))=0, "",SUM(IF(INDEX(_xlfn._xlws.FILTER(#REF!, tblPiNAnalysis[Population Group]=D$5), 0, MATCH(_xlfn.CONCAT($Q$2, "%"), #REF!, 0))=$A27, 1, 0)))), "")} | E27: {=IFERROR(IF(OR($A27="", E$5=""), "", IF(SUM(IF(INDEX(_xlfn._xlws.FILTER(#REF!, tblPiNAnalysis[Population Group]=E$5), 0, MATCH(_xlfn.CONCAT($Q$2, "%"), #REF!, 0))=$A27, 1, 0))=0, "",SUM(IF(INDEX(_xlfn._xlws.FILTER(#REF!, tblPiNAnalysis[Population Group]=E$5), 0, MATCH(_xlfn.CONCAT($Q$2, "%"), #REF!, 0))=$A27, 1, 0)))), "")} | F27: {=IFERROR(IF(OR($A27="", F$5=""), "", IF(SUM(IF(INDEX(_xlfn._xlws.FILTER(#REF!, tblPiNAnalysis[CCCM]=F$5), 0, MATCH(_xlfn.CONCAT($Q$2, "%"), #REF!, 0))=$A27, 1, 0))=0, "",SUM(IF(INDEX(_xlfn._xlws.FILTER(#REF!, tblPiNAnalysis[CCCM]=F$5), 0, MATCH(_xlfn.CONCAT($Q$2, "%"), #REF!, 0))=$A27, 1, 0)))), "")} | I27: {=IF($H27="", "", IF($H27=2, SUM(IF(INDEX(_xlfn._xlws.FILTER(#REF!,#REF!= I$5), 0, MATCH($Q$2,#REF!, 0))>1.9, 1, 0)), IF(SUM(IF(INDEX(_xlfn._xlws.FILTER(#REF!,#REF!= I$5), 0, MATCH($Q$2,#REF!, 0))=$H27, 1, 0))=0, "", SUM(IF(INDEX(_xlfn._xlws.FILTER(#REF!,#REF!= I$5), 0, MATCH($Q$2,#REF!, 0))=$H27, 1, 0)))))} | J27: {=IFERROR(IF(OR($H27="", J26=""), "", IF($H27=2, SUM(IF(INDEX(_xlfn._xlws.FILTER(#REF!,#REF!= J$5), 0, MATCH($Q$2,#REF!, 0))>1.9, 1, 0)), IF(SUM(IF(INDEX(_xlfn._xlws.FILTER(#REF!,#REF!= J$5), 0, MATCH($Q$2,#REF!, 0))=$H27, 1, 0))=0, "", SUM(IF(INDEX(_xlfn._xlws.FILTER(#REF!,#REF!= J$5), 0, MATCH($Q$2,#REF!, 0))=$H27, 1, 0))))), "")} | K27: {=IFERROR(IF(OR($H27="", K26=""), "", IF($H27=2, SUM(IF(INDEX(_xlfn._xlws.FILTER(#REF!,#REF!= K$5), 0, MATCH($Q$2,#REF!, 0))>1.9, 1, 0)), IF(SUM(IF(INDEX(_xlfn._xlws.FILTER(#REF!,#REF!= K$5), 0, MATCH($Q$2,#REF!, 0))=$H27, 1, 0))=0, "", SUM(IF(INDEX(_xlfn._xlws.FILTER(#REF!,#REF!= K$5), 0, MATCH($Q$2,#REF!, 0))=$H27, 1, 0))))), "")} | L27: {=IFERROR(IF(OR($H27="", L26=""), "", IF($H27=2, SUM(IF(INDEX(_xlfn._xlws.FILTER(#REF!,#REF!= L$5), 0, MATCH($Q$2,#REF!, 0))>1.9, 1, 0)), IF(SUM(IF(INDEX(_xlfn._xlws.FILTER(#REF!,#REF!= L$5), 0, MATCH($Q$2,#REF!, 0))=$H27, 1, 0))=0, "", SUM(IF(INDEX(_xlfn._xlws.FILTER(#REF!,#REF!= L$5), 0, MATCH($Q$2,#REF!, 0))=$H27, 1, 0))))), "")} | M27: {=IFERROR(IF(OR($H27="", M26=""), "", IF($H27=2, SUM(IF(INDEX(_xlfn._xlws.FILTER(#REF!,#REF!= M$5), 0, MATCH($Q$2,#REF!, 0))>1.9, 1, 0)), IF(SUM(IF(INDEX(_xlfn._xlws.FILTER(#REF!,#REF!= M$5), 0, MATCH($Q$2,#REF!, 0))=$H27, 1, 0))=0, "", SUM(IF(INDEX(_xlfn._xlws.FILTER(#REF!,#REF!= M$5), 0, MATCH($Q$2,#REF!, 0))=$H27, 1, 0))))), "")}
B28: {=IF($A28="", "", IF(SUM(IF(INDEX(_xlfn._xlws.FILTER(#REF!, tblPiNAnalysis[Population Group]=B$5), 0, MATCH(_xlfn.CONCAT($Q$2, "%"), #REF!, 0))=$A28, 1, 0))=0, "",SUM(IF(INDEX(_xlfn._xlws.FILTER(#REF!, tblPiNAnalysis[Population Group]=B$5), 0, MATCH(_xlfn.CONCAT($Q$2, "%"), #REF!, 0))=$A28, 1, 0))))} | C28: {=IFERROR(IF(OR($A28="", C$5=""), "", IF(SUM(IF(INDEX(_xlfn._xlws.FILTER(#REF!, tblPiNAnalysis[Population Group]=C$5), 0, MATCH(_xlfn.CONCAT($Q$2, "%"), #REF!, 0))=$A28, 1, 0))=0, "",SUM(IF(INDEX(_xlfn._xlws.FILTER(#REF!, tblPiNAnalysis[Population Group]=C$5), 0, MATCH(_xlfn.CONCAT($Q$2, "%"), #REF!, 0))=$A28, 1, 0)))), "")} | D28: {=IFERROR(IF(OR($A28="", D$5=""), "", IF(SUM(IF(INDEX(_xlfn._xlws.FILTER(#REF!, tblPiNAnalysis[Population Group]=D$5), 0, MATCH(_xlfn.CONCAT($Q$2, "%"), #REF!, 0))=$A28, 1, 0))=0, "",SUM(IF(INDEX(_xlfn._xlws.FILTER(#REF!, tblPiNAnalysis[Population Group]=D$5), 0, MATCH(_xlfn.CONCAT($Q$2, "%"), #REF!, 0))=$A28, 1, 0)))), "")} | E28: {=IFERROR(IF(OR($A28="", E$5=""), "", IF(SUM(IF(INDEX(_xlfn._xlws.FILTER(#REF!, tblPiNAnalysis[Population Group]=E$5), 0, MATCH(_xlfn.CONCAT($Q$2, "%"), #REF!, 0))=$A28, 1, 0))=0, "",SUM(IF(INDEX(_xlfn._xlws.FILTER(#REF!, tblPiNAnalysis[Population Group]=E$5), 0, MATCH(_xlfn.CONCAT($Q$2, "%"), #REF!, 0))=$A28, 1, 0)))), "")} | F28: {=IFERROR(IF(OR($A28="", F$5=""), "", IF(SUM(IF(INDEX(_xlfn._xlws.FILTER(#REF!, tblPiNAnalysis[CCCM]=F$5), 0, MATCH(_xlfn.CONCAT($Q$2, "%"), #REF!, 0))=$A28, 1, 0))=0, "",SUM(IF(INDEX(_xlfn._xlws.FILTER(#REF!, tblPiNAnalysis[CCCM]=F$5), 0, MATCH(_xlfn.CONCAT($Q$2, "%"), #REF!, 0))=$A28, 1, 0)))), "")} | I28: {=IF($H28="", "", IF($H28=2, SUM(IF(INDEX(_xlfn._xlws.FILTER(#REF!,#REF!= I$5), 0, MATCH($Q$2,#REF!, 0))>1.9, 1, 0)), IF(SUM(IF(INDEX(_xlfn._xlws.FILTER(#REF!,#REF!= I$5), 0, MATCH($Q$2,#REF!, 0))=$H28, 1, 0))=0, "", SUM(IF(INDEX(_xlfn._xlws.FILTER(#REF!,#REF!= I$5), 0, MATCH($Q$2,#REF!, 0))=$H28, 1, 0)))))} | J28: {=IFERROR(IF(OR($H28="", J27=""), "", IF($H28=2, SUM(IF(INDEX(_xlfn._xlws.FILTER(#REF!,#REF!= J$5), 0, MATCH($Q$2,#REF!, 0))>1.9, 1, 0)), IF(SUM(IF(INDEX(_xlfn._xlws.FILTER(#REF!,#REF!= J$5), 0, MATCH($Q$2,#REF!, 0))=$H28, 1, 0))=0, "", SUM(IF(INDEX(_xlfn._xlws.FILTER(#REF!,#REF!= J$5), 0, MATCH($Q$2,#REF!, 0))=$H28, 1, 0))))), "")} | K28: {=IFERROR(IF(OR($H28="", K27=""), "", IF($H28=2, SUM(IF(INDEX(_xlfn._xlws.FILTER(#REF!,#REF!= K$5), 0, MATCH($Q$2,#REF!, 0))>1.9, 1, 0)), IF(SUM(IF(INDEX(_xlfn._xlws.FILTER(#REF!,#REF!= K$5), 0, MATCH($Q$2,#REF!, 0))=$H28, 1, 0))=0, "", SUM(IF(INDEX(_xlfn._xlws.FILTER(#REF!,#REF!= K$5), 0, MATCH($Q$2,#REF!, 0))=$H28, 1, 0))))), "")} | L28: {=IFERROR(IF(OR($H28="", L27=""), "", IF($H28=2, SUM(IF(INDEX(_xlfn._xlws.FILTER(#REF!,#REF!= L$5), 0, MATCH($Q$2,#REF!, 0))>1.9, 1, 0)), IF(SUM(IF(INDEX(_xlfn._xlws.FILTER(#REF!,#REF!= L$5), 0, MATCH($Q$2,#REF!, 0))=$H28, 1, 0))=0, "", SUM(IF(INDEX(_xlfn._xlws.FILTER(#REF!,#REF!= L$5), 0, MATCH($Q$2,#REF!, 0))=$H28, 1, 0))))), "")} | M28: {=IFERROR(IF(OR($H28="", M27=""), "", IF($H28=2, SUM(IF(INDEX(_xlfn._xlws.FILTER(#REF!,#REF!= M$5), 0, MATCH($Q$2,#REF!, 0))>1.9, 1, 0)), IF(SUM(IF(INDEX(_xlfn._xlws.FILTER(#REF!,#REF!= M$5), 0, MATCH($Q$2,#REF!, 0))=$H28, 1, 0))=0, "", SUM(IF(INDEX(_xlfn._xlws.FILTER(#REF!,#REF!= M$5), 0, MATCH($Q$2,#REF!, 0))=$H28, 1, 0))))), "")} | Q28: Notes: | AB28: Notes:
B29: {=IF($A29="", "", IF(SUM(IF(INDEX(_xlfn._xlws.FILTER(#REF!, tblPiNAnalysis[Population Group]=B$5), 0, MATCH(_xlfn.CONCAT($Q$2, "%"), #REF!, 0))=$A29, 1, 0))=0, "",SUM(IF(INDEX(_xlfn._xlws.FILTER(#REF!, tblPiNAnalysis[Population Group]=B$5), 0, MATCH(_xlfn.CONCAT($Q$2, "%"), #REF!, 0))=$A29, 1, 0))))} | C29: {=IFERROR(IF(OR($A29="", C$5=""), "", IF(SUM(IF(INDEX(_xlfn._xlws.FILTER(#REF!, tblPiNAnalysis[Population Group]=C$5), 0, MATCH(_xlfn.CONCAT($Q$2, "%"), #REF!, 0))=$A29, 1, 0))=0, "",SUM(IF(INDEX(_xlfn._xlws.FILTER(#REF!, tblPiNAnalysis[Population Group]=C$5), 0, MATCH(_xlfn.CONCAT($Q$2, "%"), #REF!, 0))=$A29, 1, 0)))), "")} | D29: {=IFERROR(IF(OR($A29="", D$5=""), "", IF(SUM(IF(INDEX(_xlfn._xlws.FILTER(#REF!, tblPiNAnalysis[Population Group]=D$5), 0, MATCH(_xlfn.CONCAT($Q$2, "%"), #REF!, 0))=$A29, 1, 0))=0, "",SUM(IF(INDEX(_xlfn._xlws.FILTER(#REF!, tblPiNAnalysis[Population Group]=D$5), 0, MATCH(_xlfn.CONCAT($Q$2, "%"), #REF!, 0))=$A29, 1, 0)))), "")} | E29: {=IFERROR(IF(OR($A29="", E$5=""), "", IF(SUM(IF(INDEX(_xlfn._xlws.FILTER(#REF!, tblPiNAnalysis[Population Group]=E$5), 0, MATCH(_xlfn.CONCAT($Q$2, "%"), #REF!, 0))=$A29, 1, 0))=0, "",SUM(IF(INDEX(_xlfn._xlws.FILTER(#REF!, tblPiNAnalysis[Population Group]=E$5), 0, MATCH(_xlfn.CONCAT($Q$2, "%"), #REF!, 0))=$A29, 1, 0)))), "")} | F29: {=IFERROR(IF(OR($A29="", F$5=""), "", IF(SUM(IF(INDEX(_xlfn._xlws.FILTER(#REF!, tblPiNAnalysis[CCCM]=F$5), 0, MATCH(_xlfn.CONCAT($Q$2, "%"), #REF!, 0))=$A29, 1, 0))=0, "",SUM(IF(INDEX(_xlfn._xlws.FILTER(#REF!, tblPiNAnalysis[CCCM]=F$5), 0, MATCH(_xlfn.CONCAT($Q$2, "%"), #REF!, 0))=$A29, 1, 0)))), "")} | I29: {=IF($H29="", "", IF($H29=2, SUM(IF(INDEX(_xlfn._xlws.FILTER(#REF!,#REF!= I$5), 0, MATCH($Q$2,#REF!, 0))>1.9, 1, 0)), IF(SUM(IF(INDEX(_xlfn._xlws.FILTER(#REF!,#REF!= I$5), 0, MATCH($Q$2,#REF!, 0))=$H29, 1, 0))=0, "", SUM(IF(INDEX(_xlfn._xlws.FILTER(#REF!,#REF!= I$5), 0, MATCH($Q$2,#REF!, 0))=$H29, 1, 0)))))} | J29: {=IFERROR(IF(OR($H29="", J28=""), "", IF($H29=2, SUM(IF(INDEX(_xlfn._xlws.FILTER(#REF!,#REF!= J$5), 0, MATCH($Q$2,#REF!, 0))>1.9, 1, 0)), IF(SUM(IF(INDEX(_xlfn._xlws.FILTER(#REF!,#REF!= J$5), 0, MATCH($Q$2,#REF!, 0))=$H29, 1, 0))=0, "", SUM(IF(INDEX(_xlfn._xlws.FILTER(#REF!,#REF!= J$5), 0, MATCH($Q$2,#REF!, 0))=$H29, 1, 0))))), "")} | K29: {=IFERROR(IF(OR($H29="", K28=""), "", IF($H29=2, SUM(IF(INDEX(_xlfn._xlws.FILTER(#REF!,#REF!= K$5), 0, MATCH($Q$2,#REF!, 0))>1.9, 1, 0)), IF(SUM(IF(INDEX(_xlfn._xlws.FILTER(#REF!,#REF!= K$5), 0, MATCH($Q$2,#REF!, 0))=$H29, 1, 0))=0, "", SUM(IF(INDEX(_xlfn._xlws.FILTER(#REF!,#REF!= K$5), 0, MATCH($Q$2,#REF!, 0))=$H29, 1, 0))))), "")} | L29: {=IFERROR(IF(OR($H29="", L28=""), "", IF($H29=2, SUM(IF(INDEX(_xlfn._xlws.FILTER(#REF!,#REF!= L$5), 0, MATCH($Q$2,#REF!, 0))>1.9, 1, 0)), IF(SUM(IF(INDEX(_xlfn._xlws.FILTER(#REF!,#REF!= L$5), 0, MATCH($Q$2,#REF!, 0))=$H29, 1, 0))=0, "", SUM(IF(INDEX(_xlfn._xlws.FILTER(#REF!,#REF!= L$5), 0, MATCH($Q$2,#REF!, 0))=$H29, 1, 0))))), "")} | M29: {=IFERROR(IF(OR($H29="", M28=""), "", IF($H29=2, SUM(IF(INDEX(_xlfn._xlws.FILTER(#REF!,#REF!= M$5), 0, MATCH($Q$2,#REF!, 0))>1.9, 1, 0)), IF(SUM(IF(INDEX(_xlfn._xlws.FILTER(#REF!,#REF!= M$5), 0, MATCH($Q$2,#REF!, 0))=$H29, 1, 0))=0, "", SUM(IF(INDEX(_xlfn._xlws.FILTER(#REF!,#REF!= M$5), 0, MATCH($Q$2,#REF!, 0))=$H29, 1, 0))))), "")} | Q29: percentages are rounded to the nearest 5 multiples, i.e. 0, 5, 10, 15, … | AB29: percentages are rounded to the nearest 5 multiples, i.e. 0, 5, 10, 15, …
B30: {=IF($A30="", "", IF(SUM(IF(INDEX(_xlfn._xlws.FILTER(#REF!, tblPiNAnalysis[Population Group]=B$5), 0, MATCH(_xlfn.CONCAT($Q$2, "%"), #REF!, 0))=$A30, 1, 0))=0, "",SUM(IF(INDEX(_xlfn._xlws.FILTER(#REF!, tblPiNAnalysis[Population Group]=B$5), 0, MATCH(_xlfn.CONCAT($Q$2, "%"), #REF!, 0))=$A30, 1, 0))))} | C30: {=IFERROR(IF(OR($A30="", C$5=""), "", IF(SUM(IF(INDEX(_xlfn._xlws.FILTER(#REF!, tblPiNAnalysis[Population Group]=C$5), 0, MATCH(_xlfn.CONCAT($Q$2, "%"), #REF!, 0))=$A30, 1, 0))=0, "",SUM(IF(INDEX(_xlfn._xlws.FILTER(#REF!, tblPiNAnalysis[Population Group]=C$5), 0, MATCH(_xlfn.CONCAT($Q$2, "%"), #REF!, 0))=$A30, 1, 0)))), "")} | D30: {=IFERROR(IF(OR($A30="", D$5=""), "", IF(SUM(IF(INDEX(_xlfn._xlws.FILTER(#REF!, tblPiNAnalysis[Population Group]=D$5), 0, MATCH(_xlfn.CONCAT($Q$2, "%"), #REF!, 0))=$A30, 1, 0))=0, "",SUM(IF(INDEX(_xlfn._xlws.FILTER(#REF!, tblPiNAnalysis[Population Group]=D$5), 0, MATCH(_xlfn.CONCAT($Q$2, "%"), #REF!, 0))=$A30, 1, 0)))), "")} | E30: {=IFERROR(IF(OR($A30="", E$5=""), "", IF(SUM(IF(INDEX(_xlfn._xlws.FILTER(#REF!, tblPiNAnalysis[Population Group]=E$5), 0, MATCH(_xlfn.CONCAT($Q$2, "%"), #REF!, 0))=$A30, 1, 0))=0, "",SUM(IF(INDEX(_xlfn._xlws.FILTER(#REF!, tblPiNAnalysis[Population Group]=E$5), 0, MATCH(_xlfn.CONCAT($Q$2, "%"), #REF!, 0))=$A30, 1, 0)))), "")} | F30: {=IFERROR(IF(OR($A30="", F$5=""), "", IF(SUM(IF(INDEX(_xlfn._xlws.FILTER(#REF!, tblPiNAnalysis[CCCM]=F$5), 0, MATCH(_xlfn.CONCAT($Q$2, "%"), #REF!, 0))=$A30, 1, 0))=0, "",SUM(IF(INDEX(_xlfn._xlws.FILTER(#REF!, tblPiNAnalysis[CCCM]=F$5), 0, MATCH(_xlfn.CONCAT($Q$2, "%"), #REF!, 0))=$A30, 1, 0)))), "")} | I30: {=IF($H30="", "", IF($H30=2, SUM(IF(INDEX(_xlfn._xlws.FILTER(#REF!,#REF!= I$5), 0, MATCH($Q$2,#REF!, 0))>1.9, 1, 0)), IF(SUM(IF(INDEX(_xlfn._xlws.FILTER(#REF!,#REF!= I$5), 0, MATCH($Q$2,#REF!, 0))=$H30, 1, 0))=0, "", SUM(IF(INDEX(_xlfn._xlws.FILTER(#REF!,#REF!= I$5), 0, MATCH($Q$2,#REF!, 0))=$H30, 1, 0)))))} | J30: {=IFERROR(IF(OR($H30="", J29=""), "", IF($H30=2, SUM(IF(INDEX(_xlfn._xlws.FILTER(#REF!,#REF!= J$5), 0, MATCH($Q$2,#REF!, 0))>1.9, 1, 0)), IF(SUM(IF(INDEX(_xlfn._xlws.FILTER(#REF!,#REF!= J$5), 0, MATCH($Q$2,#REF!, 0))=$H30, 1, 0))=0, "", SUM(IF(INDEX(_xlfn._xlws.FILTER(#REF!,#REF!= J$5), 0, MATCH($Q$2,#REF!, 0))=$H30, 1, 0))))), "")} | K30: {=IFERROR(IF(OR($H30="", K29=""), "", IF($H30=2, SUM(IF(INDEX(_xlfn._xlws.FILTER(#REF!,#REF!= K$5), 0, MATCH($Q$2,#REF!, 0))>1.9, 1, 0)), IF(SUM(IF(INDEX(_xlfn._xlws.FILTER(#REF!,#REF!= K$5), 0, MATCH($Q$2,#REF!, 0))=$H30, 1, 0))=0, "", SUM(IF(INDEX(_xlfn._xlws.FILTER(#REF!,#REF!= K$5), 0, MATCH($Q$2,#REF!, 0))=$H30, 1, 0))))), "")} | L30: {=IFERROR(IF(OR($H30="", L29=""), "", IF($H30=2, SUM(IF(INDEX(_xlfn._xlws.FILTER(#REF!,#REF!= L$5), 0, MATCH($Q$2,#REF!, 0))>1.9, 1, 0)), IF(SUM(IF(INDEX(_xlfn._xlws.FILTER(#REF!,#REF!= L$5), 0, MATCH($Q$2,#REF!, 0))=$H30, 1, 0))=0, "", SUM(IF(INDEX(_xlfn._xlws.FILTER(#REF!,#REF!= L$5), 0, MATCH($Q$2,#REF!, 0))=$H30, 1, 0))))), "")} | M30: {=IFERROR(IF(OR($H30="", M29=""), "", IF($H30=2, SUM(IF(INDEX(_xlfn._xlws.FILTER(#REF!,#REF!= M$5), 0, MATCH($Q$2,#REF!, 0))>1.9, 1, 0)), IF(SUM(IF(INDEX(_xlfn._xlws.FILTER(#REF!,#REF!= M$5), 0, MATCH($Q$2,#REF!, 0))=$H30, 1, 0))=0, "", SUM(IF(INDEX(_xlfn._xlws.FILTER(#REF!,#REF!= M$5), 0, MATCH($Q$2,#REF!, 0))=$H30, 1, 0))))), "")} | Q30: =_xlfn.CONCAT("- ", MAXA(B$6:B$77)," units ", IF(OR(C$5="", C$5="NA"), "", _xlfn.CONCAT("of ", B$5, " population group ")), "have a % PiN at of ", INDEX(A$6:A$77, MATCH(MAXA(B$6:B$77), B$6:B$77, 0))*100, "%") -> #REF! | AB30: {=_xlfn.CONCAT("- ", IF(IFERROR(MAXA(_xlfn._xlws.FILTER(I$6:I$77, H$6:H$77>0)), 0) = 0, "", _xlfn.CONCAT(MAXA(_xlfn._xlws.FILTER(I$6:I$77, H$6:H$77>0)), " units have ", INDEX(H$6:H$77, MATCH(MAXA(_xlfn._xlws.FILTER(I$6:I$77, H$6:H$77>0)), I$6:I$77, 0))*100, "% PiN increase")), IF(OR(IFERROR(MAXA(_xlfn._xlws.FILTER(I$6:I$77, H$6:H$77>0)), 0) = 0,IFERROR(MAXA(_xlfn._xlws.FILTER(I$6:I$77, H$6:H$77<0)), 0) = 0), "", " and "), IF(IFERROR(MAXA(_xlfn._xlws.FILTER(I$6:I$77, H$6:H$77<0)), 0)=0, "", _xlfn.CONCAT(MAXA(_xlfn._xlws.FILTER(I$6:I$77, H$6:H$77<0)), " units have ", INDEX(H$6:H$77, MATCH(MAXA(_xlfn._xlws.FILTER(I$6:I$77, H$6:H$77<0)), I$6:I$77, 0))*-100, "% PiN decrease")), " from ", $Q$2, IF(OR(I$5="", I$5="NA"), "", _xlfn.CONCAT(" for the ", I$5," population group")))} -> #REF!
B31: {=IF($A31="", "", IF(SUM(IF(INDEX(_xlfn._xlws.FILTER(#REF!, tblPiNAnalysis[Population Group]=B$5), 0, MATCH(_xlfn.CONCAT($Q$2, "%"), #REF!, 0))=$A31, 1, 0))=0, "",SUM(IF(INDEX(_xlfn._xlws.FILTER(#REF!, tblPiNAnalysis[Population Group]=B$5), 0, MATCH(_xlfn.CONCAT($Q$2, "%"), #REF!, 0))=$A31, 1, 0))))} | C31: {=IFERROR(IF(OR($A31="", C$5=""), "", IF(SUM(IF(INDEX(_xlfn._xlws.FILTER(#REF!, tblPiNAnalysis[Population Group]=C$5), 0, MATCH(_xlfn.CONCAT($Q$2, "%"), #REF!, 0))=$A31, 1, 0))=0, "",SUM(IF(INDEX(_xlfn._xlws.FILTER(#REF!, tblPiNAnalysis[Population Group]=C$5), 0, MATCH(_xlfn.CONCAT($Q$2, "%"), #REF!, 0))=$A31, 1, 0)))), "")} | D31: {=IFERROR(IF(OR($A31="", D$5=""), "", IF(SUM(IF(INDEX(_xlfn._xlws.FILTER(#REF!, tblPiNAnalysis[Population Group]=D$5), 0, MATCH(_xlfn.CONCAT($Q$2, "%"), #REF!, 0))=$A31, 1, 0))=0, "",SUM(IF(INDEX(_xlfn._xlws.FILTER(#REF!, tblPiNAnalysis[Population Group]=D$5), 0, MATCH(_xlfn.CONCAT($Q$2, "%"), #REF!, 0))=$A31, 1, 0)))), "")} | E31: {=IFERROR(IF(OR($A31="", E$5=""), "", IF(SUM(IF(INDEX(_xlfn._xlws.FILTER(#REF!, tblPiNAnalysis[Population Group]=E$5), 0, MATCH(_xlfn.CONCAT($Q$2, "%"), #REF!, 0))=$A31, 1, 0))=0, "",SUM(IF(INDEX(_xlfn._xlws.FILTER(#REF!, tblPiNAnalysis[Population Group]=E$5), 0, MATCH(_xlfn.CONCAT($Q$2, "%"), #REF!, 0))=$A31, 1, 0)))), "")} | F31: {=IFERROR(IF(OR($A31="", F$5=""), "", IF(SUM(IF(INDEX(_xlfn._xlws.FILTER(#REF!, tblPiNAnalysis[CCCM]=F$5), 0, MATCH(_xlfn.CONCAT($Q$2, "%"), #REF!, 0))=$A31, 1, 0))=0, "",SUM(IF(INDEX(_xlfn._xlws.FILTER(#REF!, tblPiNAnalysis[CCCM]=F$5), 0, MATCH(_xlfn.CONCAT($Q$2, "%"), #REF!, 0))=$A31, 1, 0)))), "")} | I31: {=IF($H31="", "", IF($H31=2, SUM(IF(INDEX(_xlfn._xlws.FILTER(#REF!,#REF!= I$5), 0, MATCH($Q$2,#REF!, 0))>1.9, 1, 0)), IF(SUM(IF(INDEX(_xlfn._xlws.FILTER(#REF!,#REF!= I$5), 0, MATCH($Q$2,#REF!, 0))=$H31, 1, 0))=0, "", SUM(IF(INDEX(_xlfn._xlws.FILTER(#REF!,#REF!= I$5), 0, MATCH($Q$2,#REF!, 0))=$H31, 1, 0)))))} | J31: {=IFERROR(IF(OR($H31="", J30=""), "", IF($H31=2, SUM(IF(INDEX(_xlfn._xlws.FILTER(#REF!,#REF!= J$5), 0, MATCH($Q$2,#REF!, 0))>1.9, 1, 0)), IF(SUM(IF(INDEX(_xlfn._xlws.FILTER(#REF!,#REF!= J$5), 0, MATCH($Q$2,#REF!, 0))=$H31, 1, 0))=0, "", SUM(IF(INDEX(_xlfn._xlws.FILTER(#REF!,#REF!= J$5), 0, MATCH($Q$2,#REF!, 0))=$H31, 1, 0))))), "")} | K31: {=IFERROR(IF(OR($H31="", K30=""), "", IF($H31=2, SUM(IF(INDEX(_xlfn._xlws.FILTER(#REF!,#REF!= K$5), 0, MATCH($Q$2,#REF!, 0))>1.9, 1, 0)), IF(SUM(IF(INDEX(_xlfn._xlws.FILTER(#REF!,#REF!= K$5), 0, MATCH($Q$2,#REF!, 0))=$H31, 1, 0))=0, "", SUM(IF(INDEX(_xlfn._xlws.FILTER(#REF!,#REF!= K$5), 0, MATCH($Q$2,#REF!, 0))=$H31, 1, 0))))), "")} | L31: {=IFERROR(IF(OR($H31="", L30=""), "", IF($H31=2, SUM(IF(INDEX(_xlfn._xlws.FILTER(#REF!,#REF!= L$5), 0, MATCH($Q$2,#REF!, 0))>1.9, 1, 0)), IF(SUM(IF(INDEX(_xlfn._xlws.FILTER(#REF!,#REF!= L$5), 0, MATCH($Q$2,#REF!, 0))=$H31, 1, 0))=0, "", SUM(IF(INDEX(_xlfn._xlws.FILTER(#REF!,#REF!= L$5), 0, MATCH($Q$2,#REF!, 0))=$H31, 1, 0))))), "")} | M31: {=IFERROR(IF(OR($H31="", M30=""), "", IF($H31=2, SUM(IF(INDEX(_xlfn._xlws.FILTER(#REF!,#REF!= M$5), 0, MATCH($Q$2,#REF!, 0))>1.9, 1, 0)), IF(SUM(IF(INDEX(_xlfn._xlws.FILTER(#REF!,#REF!= M$5), 0, MATCH($Q$2,#REF!, 0))=$H31, 1, 0))=0, "", SUM(IF(INDEX(_xlfn._xlws.FILTER(#REF!,#REF!= M$5), 0, MATCH($Q$2,#REF!, 0))=$H31, 1, 0))))), "")} | Q31: =IF(C$5 = "", "", _xlfn.CONCAT("- ", MAXA(C$6:C$77)," units of ", C$5, " population group have a % PiN at of ", INDEX(A$6:A$77, MATCH(MAXA(C$6:C$77), C$6:C$77, 0))*100, "%")) | AB31: {=IF(J$5="", "", _xlfn.CONCAT("- ", IF(IFERROR(MAXA(_xlfn._xlws.FILTER(J$6:J$77, H$6:H$77>0)), 0) = 0, "", _xlfn.CONCAT(MAXA(_xlfn._xlws.FILTER(J$6:J$77, H$6:H$77>0)), " units have ", INDEX(H$6:H$77, MATCH(MAXA(_xlfn._xlws.FILTER(J$6:J$77, H$6:H$77>0)), J$6:J$77, 0))*100, "% PiN increase")), IF(OR(IFERROR(MAXA(_xlfn._xlws.FILTER(J$6:J$77, H$6:H$77>0)), 0) = 0,IFERROR(MAXA(_xlfn._xlws.FILTER(J$6:J$77, H$6:H$77<0)), 0) = 0), "", " and "), IF(IFERROR(MAXA(_xlfn._xlws.FILTER(J$6:J$77, H$6:H$77<0)), 0)=0, "", _xlfn.CONCAT(MAXA(_xlfn._xlws.FILTER(J$6:J$77, H$6:H$77<0)), " units have ", INDEX(H$6:H$77, MATCH(MAXA(_xlfn._xlws.FILTER(J$6:J$77, H$6:H$77<0)), J$6:J$77, 0))*-100, "% PiN decrease")), " from ", $Q$2, IF(J$5="", "", _xlfn.CONCAT(" for the ", J$5," population group"))))}
B32: {=IF($A32="", "", IF(SUM(IF(INDEX(_xlfn._xlws.FILTER(#REF!, tblPiNAnalysis[Population Group]=B$5), 0, MATCH(_xlfn.CONCAT($Q$2, "%"), #REF!, 0))=$A32, 1, 0))=0, "",SUM(IF(INDEX(_xlfn._xlws.FILTER(#REF!, tblPiNAnalysis[Population Group]=B$5), 0, MATCH(_xlfn.CONCAT($Q$2, "%"), #REF!, 0))=$A32, 1, 0))))} | C32: {=IFERROR(IF(OR($A32="", C$5=""), "", IF(SUM(IF(INDEX(_xlfn._xlws.FILTER(#REF!, tblPiNAnalysis[Population Group]=C$5), 0, MATCH(_xlfn.CONCAT($Q$2, "%"), #REF!, 0))=$A32, 1, 0))=0, "",SUM(IF(INDEX(_xlfn._xlws.FILTER(#REF!, tblPiNAnalysis[Population Group]=C$5), 0, MATCH(_xlfn.CONCAT($Q$2, "%"), #REF!, 0))=$A32, 1, 0)))), "")} | D32: {=IFERROR(IF(OR($A32="", D$5=""), "", IF(SUM(IF(INDEX(_xlfn._xlws.FILTER(#REF!, tblPiNAnalysis[Population Group]=D$5), 0, MATCH(_xlfn.CONCAT($Q$2, "%"), #REF!, 0))=$A32, 1, 0))=0, "",SUM(IF(INDEX(_xlfn._xlws.FILTER(#REF!, tblPiNAnalysis[Population Group]=D$5), 0, MATCH(_xlfn.CONCAT($Q$2, "%"), #REF!, 0))=$A32, 1, 0)))), "")} | E32: {=IFERROR(IF(OR($A32="", E$5=""), "", IF(SUM(IF(INDEX(_xlfn._xlws.FILTER(#REF!, tblPiNAnalysis[Population Group]=E$5), 0, MATCH(_xlfn.CONCAT($Q$2, "%"), #REF!, 0))=$A32, 1, 0))=0, "",SUM(IF(INDEX(_xlfn._xlws.FILTER(#REF!, tblPiNAnalysis[Population Group]=E$5), 0, MATCH(_xlfn.CONCAT($Q$2, "%"), #REF!, 0))=$A32, 1, 0)))), "")} | F32: {=IFERROR(IF(OR($A32="", F$5=""), "", IF(SUM(IF(INDEX(_xlfn._xlws.FILTER(#REF!, tblPiNAnalysis[CCCM]=F$5), 0, MATCH(_xlfn.CONCAT($Q$2, "%"), #REF!, 0))=$A32, 1, 0))=0, "",SUM(IF(INDEX(_xlfn._xlws.FILTER(#REF!, tblPiNAnalysis[CCCM]=F$5), 0, MATCH(_xlfn.CONCAT($Q$2, "%"), #REF!, 0))=$A32, 1, 0)))), "")} | I32: {=IF($H32="", "", IF($H32=2, SUM(IF(INDEX(_xlfn._xlws.FILTER(#REF!,#REF!= I$5), 0, MATCH($Q$2,#REF!, 0))>1.9, 1, 0)), IF(SUM(IF(INDEX(_xlfn._xlws.FILTER(#REF!,#REF!= I$5), 0, MATCH($Q$2,#REF!, 0))=$H32, 1, 0))=0, "", SUM(IF(INDEX(_xlfn._xlws.FILTER(#REF!,#REF!= I$5), 0, MATCH($Q$2,#REF!, 0))=$H32, 1, 0)))))} | J32: {=IFERROR(IF(OR($H32="", J31=""), "", IF($H32=2, SUM(IF(INDEX(_xlfn._xlws.FILTER(#REF!,#REF!= J$5), 0, MATCH($Q$2,#REF!, 0))>1.9, 1, 0)), IF(SUM(IF(INDEX(_xlfn._xlws.FILTER(#REF!,#REF!= J$5), 0, MATCH($Q$2,#REF!, 0))=$H32, 1, 0))=0, "", SUM(IF(INDEX(_xlfn._xlws.FILTER(#REF!,#REF!= J$5), 0, MATCH($Q$2,#REF!, 0))=$H32, 1, 0))))), "")} | K32: {=IFERROR(IF(OR($H32="", K31=""), "", IF($H32=2, SUM(IF(INDEX(_xlfn._xlws.FILTER(#REF!,#REF!= K$5), 0, MATCH($Q$2,#REF!, 0))>1.9, 1, 0)), IF(SUM(IF(INDEX(_xlfn._xlws.FILTER(#REF!,#REF!= K$5), 0, MATCH($Q$2,#REF!, 0))=$H32, 1, 0))=0, "", SUM(IF(INDEX(_xlfn._xlws.FILTER(#REF!,#REF!= K$5), 0, MATCH($Q$2,#REF!, 0))=$H32, 1, 0))))), "")} | L32: {=IFERROR(IF(OR($H32="", L31=""), "", IF($H32=2, SUM(IF(INDEX(_xlfn._xlws.FILTER(#REF!,#REF!= L$5), 0, MATCH($Q$2,#REF!, 0))>1.9, 1, 0)), IF(SUM(IF(INDEX(_xlfn._xlws.FILTER(#REF!,#REF!= L$5), 0, MATCH($Q$2,#REF!, 0))=$H32, 1, 0))=0, "", SUM(IF(INDEX(_xlfn._xlws.FILTER(#REF!,#REF!= L$5), 0, MATCH($Q$2,#REF!, 0))=$H32, 1, 0))))), "")} | M32: {=IFERROR(IF(OR($H32="", M31=""), "", IF($H32=2, SUM(IF(INDEX(_xlfn._xlws.FILTER(#REF!,#REF!= M$5), 0, MATCH($Q$2,#REF!, 0))>1.9, 1, 0)), IF(SUM(IF(INDEX(_xlfn._xlws.FILTER(#REF!,#REF!= M$5), 0, MATCH($Q$2,#REF!, 0))=$H32, 1, 0))=0, "", SUM(IF(INDEX(_xlfn._xlws.FILTER(#REF!,#REF!= M$5), 0, MATCH($Q$2,#REF!, 0))=$H32, 1, 0))))), "")} | Q32: =IF(D$5 = "", "", _xlfn.CONCAT("- ", MAXA(D$6:D$77)," units of ", D$5, " population group have a % PiN at of ", INDEX(A$6:A$77, MATCH(MAXA(D$6:D$77), D$6:D$77, 0))*100, "%")) | AB32: {=IF(K$5="", "", _xlfn.CONCAT("- ", IF(IFERROR(MAXA(_xlfn._xlws.FILTER(K$6:K$77, H$6:H$77>0)), 0) = 0, "", _xlfn.CONCAT(MAXA(_xlfn._xlws.FILTER(K$6:K$77, H$6:H$77>0)), " units have ", INDEX(H$6:H$77, MATCH(MAXA(_xlfn._xlws.FILTER(K$6:K$77, H$6:H$77>0)), K$6:K$77, 0))*100, "% PiN increase")), IF(OR(IFERROR(MAXA(_xlfn._xlws.FILTER(K$6:K$77, H$6:H$77>0)), 0) = 0,IFERROR(MAXA(_xlfn._xlws.FILTER(K$6:K$77, H$6:H$77<0)), 0) = 0), "", " and "), IF(IFERROR(MAXA(_xlfn._xlws.FILTER(K$6:K$77, H$6:H$77<0)), 0)=0, "", _xlfn.CONCAT(MAXA(_xlfn._xlws.FILTER(K$6:K$77, H$6:H$77<0)), " units have ", INDEX(H$6:H$77, MATCH(MAXA(_xlfn._xlws.FILTER(K$6:K$77, H$6:H$77<0)), K$6:K$77, 0))*-100, "% PiN decrease")), " from ", $Q$2, IF(K$5="", "", _xlfn.CONCAT(" for the ", K$5," population group"))))}
B33: {=IF($A33="", "", IF(SUM(IF(INDEX(_xlfn._xlws.FILTER(#REF!, tblPiNAnalysis[Population Group]=B$5), 0, MATCH(_xlfn.CONCAT($Q$2, "%"), #REF!, 0))=$A33, 1, 0))=0, "",SUM(IF(INDEX(_xlfn._xlws.FILTER(#REF!, tblPiNAnalysis[Population Group]=B$5), 0, MATCH(_xlfn.CONCAT($Q$2, "%"), #REF!, 0))=$A33, 1, 0))))} | C33: {=IFERROR(IF(OR($A33="", C$5=""), "", IF(SUM(IF(INDEX(_xlfn._xlws.FILTER(#REF!, tblPiNAnalysis[Population Group]=C$5), 0, MATCH(_xlfn.CONCAT($Q$2, "%"), #REF!, 0))=$A33, 1, 0))=0, "",SUM(IF(INDEX(_xlfn._xlws.FILTER(#REF!, tblPiNAnalysis[Population Group]=C$5), 0, MATCH(_xlfn.CONCAT($Q$2, "%"), #REF!, 0))=$A33, 1, 0)))), "")} | D33: {=IFERROR(IF(OR($A33="", D$5=""), "", IF(SUM(IF(INDEX(_xlfn._xlws.FILTER(#REF!, tblPiNAnalysis[Population Group]=D$5), 0, MATCH(_xlfn.CONCAT($Q$2, "%"), #REF!, 0))=$A33, 1, 0))=0, "",SUM(IF(INDEX(_xlfn._xlws.FILTER(#REF!, tblPiNAnalysis[Population Group]=D$5), 0, MATCH(_xlfn.CONCAT($Q$2, "%"), #REF!, 0))=$A33, 1, 0)))), "")} | E33: {=IFERROR(IF(OR($A33="", E$5=""), "", IF(SUM(IF(INDEX(_xlfn._xlws.FILTER(#REF!, tblPiNAnalysis[Population Group]=E$5), 0, MATCH(_xlfn.CONCAT($Q$2, "%"), #REF!, 0))=$A33, 1, 0))=0, "",SUM(IF(INDEX(_xlfn._xlws.FILTER(#REF!, tblPiNAnalysis[Population Group]=E$5), 0, MATCH(_xlfn.CONCAT($Q$2, "%"), #REF!, 0))=$A33, 1, 0)))), "")} | F33: {=IFERROR(IF(OR($A33="", F$5=""), "", IF(SUM(IF(INDEX(_xlfn._xlws.FILTER(#REF!, tblPiNAnalysis[CCCM]=F$5), 0, MATCH(_xlfn.CONCAT($Q$2, "%"), #REF!, 0))=$A33, 1, 0))=0, "",SUM(IF(INDEX(_xlfn._xlws.FILTER(#REF!, tblPiNAnalysis[CCCM]=F$5), 0, MATCH(_xlfn.CONCAT($Q$2, "%"), #REF!, 0))=$A33, 1, 0)))), "")} | I33: {=IF($H33="", "", IF($H33=2, SUM(IF(INDEX(_xlfn._xlws.FILTER(#REF!,#REF!= I$5), 0, MATCH($Q$2,#REF!, 0))>1.9, 1, 0)), IF(SUM(IF(INDEX(_xlfn._xlws.FILTER(#REF!,#REF!= I$5), 0, MATCH($Q$2,#REF!, 0))=$H33, 1, 0))=0, "", SUM(IF(INDEX(_xlfn._xlws.FILTER(#REF!,#REF!= I$5), 0, MATCH($Q$2,#REF!, 0))=$H33, 1, 0)))))} | J33: {=IFERROR(IF(OR($H33="", J32=""), "", IF($H33=2, SUM(IF(INDEX(_xlfn._xlws.FILTER(#REF!,#REF!= J$5), 0, MATCH($Q$2,#REF!, 0))>1.9, 1, 0)), IF(SUM(IF(INDEX(_xlfn._xlws.FILTER(#REF!,#REF!= J$5), 0, MATCH($Q$2,#REF!, 0))=$H33, 1, 0))=0, "", SUM(IF(INDEX(_xlfn._xlws.FILTER(#REF!,#REF!= J$5), 0, MATCH($Q$2,#REF!, 0))=$H33, 1, 0))))), "")} | K33: {=IFERROR(IF(OR($H33="", K32=""), "", IF($H33=2, SUM(IF(INDEX(_xlfn._xlws.FILTER(#REF!,#REF!= K$5), 0, MATCH($Q$2,#REF!, 0))>1.9, 1, 0)), IF(SUM(IF(INDEX(_xlfn._xlws.FILTER(#REF!,#REF!= K$5), 0, MATCH($Q$2,#REF!, 0))=$H33, 1, 0))=0, "", SUM(IF(INDEX(_xlfn._xlws.FILTER(#REF!,#REF!= K$5), 0, MATCH($Q$2,#REF!, 0))=$H33, 1, 0))))), "")} | L33: {=IFERROR(IF(OR($H33="", L32=""), "", IF($H33=2, SUM(IF(INDEX(_xlfn._xlws.FILTER(#REF!,#REF!= L$5), 0, MATCH($Q$2,#REF!, 0))>1.9, 1, 0)), IF(SUM(IF(INDEX(_xlfn._xlws.FILTER(#REF!,#REF!= L$5), 0, MATCH($Q$2,#REF!, 0))=$H33, 1, 0))=0, "", SUM(IF(INDEX(_xlfn._xlws.FILTER(#REF!,#REF!= L$5), 0, MATCH($Q$2,#REF!, 0))=$H33, 1, 0))))), "")} | M33: {=IFERROR(IF(OR($H33="", M32=""), "", IF($H33=2, SUM(IF(INDEX(_xlfn._xlws.FILTER(#REF!,#REF!= M$5), 0, MATCH($Q$2,#REF!, 0))>1.9, 1, 0)), IF(SUM(IF(INDEX(_xlfn._xlws.FILTER(#REF!,#REF!= M$5), 0, MATCH($Q$2,#REF!, 0))=$H33, 1, 0))=0, "", SUM(IF(INDEX(_xlfn._xlws.FILTER(#REF!,#REF!= M$5), 0, MATCH($Q$2,#REF!, 0))=$H33, 1, 0))))), "")} | Q33: =IF(E$5 = "", "", _xlfn.CONCAT("- ", MAXA(E$6:E$77)," units of ", E$5, " population group have a % PiN at of ", INDEX(A$6:A$77, MATCH(MAXA(E$6:E$77), E$6:E$77, 0))*100, "%")) | AB33: {=IF(L$5="", "", _xlfn.CONCAT("- ", IF(IFERROR(MAXA(_xlfn._xlws.FILTER(L$6:L$77, H$6:H$77>0)), 0) = 0, "", _xlfn.CONCAT(MAXA(_xlfn._xlws.FILTER(L$6:L$77, H$6:H$77>0)), " units have ", INDEX(H$6:H$77, MATCH(MAXA(_xlfn._xlws.FILTER(L$6:L$77, H$6:H$77>0)), L$6:L$77, 0))*100, "% PiN increase")), IF(OR(IFERROR(MAXA(_xlfn._xlws.FILTER(L$6:L$77, H$6:H$77>0)), 0) = 0,IFERROR(MAXA(_xlfn._xlws.FILTER(L$6:L$77, H$6:H$77<0)), 0) = 0), "", " and "), IF(IFERROR(MAXA(_xlfn._xlws.FILTER(L$6:L$77, H$6:H$77<0)), 0)=0, "", _xlfn.CONCAT(MAXA(_xlfn._xlws.FILTER(L$6:L$77, H$6:H$77<0)), " units have ", INDEX(H$6:H$77, MATCH(MAXA(_xlfn._xlws.FILTER(L$6:L$77, H$6:H$77<0)), L$6:L$77, 0))*-100, "% PiN decrease")), " from ", $Q$2, IF(L$5="", "", _xlfn.CONCAT(" for the ", L$5," population group"))))}
B34: {=IF($A34="", "", IF(SUM(IF(INDEX(_xlfn._xlws.FILTER(#REF!, tblPiNAnalysis[Population Group]=B$5), 0, MATCH(_xlfn.CONCAT($Q$2, "%"), #REF!, 0))=$A34, 1, 0))=0, "",SUM(IF(INDEX(_xlfn._xlws.FILTER(#REF!, tblPiNAnalysis[Population Group]=B$5), 0, MATCH(_xlfn.CONCAT($Q$2, "%"), #REF!, 0))=$A34, 1, 0))))} | C34: {=IFERROR(IF(OR($A34="", C$5=""), "", IF(SUM(IF(INDEX(_xlfn._xlws.FILTER(#REF!, tblPiNAnalysis[Population Group]=C$5), 0, MATCH(_xlfn.CONCAT($Q$2, "%"), #REF!, 0))=$A34, 1, 0))=0, "",SUM(IF(INDEX(_xlfn._xlws.FILTER(#REF!, tblPiNAnalysis[Population Group]=C$5), 0, MATCH(_xlfn.CONCAT($Q$2, "%"), #REF!, 0))=$A34, 1, 0)))), "")} | D34: {=IFERROR(IF(OR($A34="", D$5=""), "", IF(SUM(IF(INDEX(_xlfn._xlws.FILTER(#REF!, tblPiNAnalysis[Population Group]=D$5), 0, MATCH(_xlfn.CONCAT($Q$2, "%"), #REF!, 0))=$A34, 1, 0))=0, "",SUM(IF(INDEX(_xlfn._xlws.FILTER(#REF!, tblPiNAnalysis[Population Group]=D$5), 0, MATCH(_xlfn.CONCAT($Q$2, "%"), #REF!, 0))=$A34, 1, 0)))), "")} | E34: {=IFERROR(IF(OR($A34="", E$5=""), "", IF(SUM(IF(INDEX(_xlfn._xlws.FILTER(#REF!, tblPiNAnalysis[Population Group]=E$5), 0, MATCH(_xlfn.CONCAT($Q$2, "%"), #REF!, 0))=$A34, 1, 0))=0, "",SUM(IF(INDEX(_xlfn._xlws.FILTER(#REF!, tblPiNAnalysis[Population Group]=E$5), 0, MATCH(_xlfn.CONCAT($Q$2, "%"), #REF!, 0))=$A34, 1, 0)))), "")} | F34: {=IFERROR(IF(OR($A34="", F$5=""), "", IF(SUM(IF(INDEX(_xlfn._xlws.FILTER(#REF!, tblPiNAnalysis[CCCM]=F$5), 0, MATCH(_xlfn.CONCAT($Q$2, "%"), #REF!, 0))=$A34, 1, 0))=0, "",SUM(IF(INDEX(_xlfn._xlws.FILTER(#REF!, tblPiNAnalysis[CCCM]=F$5), 0, MATCH(_xlfn.CONCAT($Q$2, "%"), #REF!, 0))=$A34, 1, 0)))), "")} | I34: {=IF($H34="", "", IF($H34=2, SUM(IF(INDEX(_xlfn._xlws.FILTER(#REF!,#REF!= I$5), 0, MATCH($Q$2,#REF!, 0))>1.9, 1, 0)), IF(SUM(IF(INDEX(_xlfn._xlws.FILTER(#REF!,#REF!= I$5), 0, MATCH($Q$2,#REF!, 0))=$H34, 1, 0))=0, "", SUM(IF(INDEX(_xlfn._xlws.FILTER(#REF!,#REF!= I$5), 0, MATCH($Q$2,#REF!, 0))=$H34, 1, 0)))))} | J34: {=IFERROR(IF(OR($H34="", J33=""), "", IF($H34=2, SUM(IF(INDEX(_xlfn._xlws.FILTER(#REF!,#REF!= J$5), 0, MATCH($Q$2,#REF!, 0))>1.9, 1, 0)), IF(SUM(IF(INDEX(_xlfn._xlws.FILTER(#REF!,#REF!= J$5), 0, MATCH($Q$2,#REF!, 0))=$H34, 1, 0))=0, "", SUM(IF(INDEX(_xlfn._xlws.FILTER(#REF!,#REF!= J$5), 0, MATCH($Q$2,#REF!, 0))=$H34, 1, 0))))), "")} | K34: {=IFERROR(IF(OR($H34="", K33=""), "", IF($H34=2, SUM(IF(INDEX(_xlfn._xlws.FILTER(#REF!,#REF!= K$5), 0, MATCH($Q$2,#REF!, 0))>1.9, 1, 0)), IF(SUM(IF(INDEX(_xlfn._xlws.FILTER(#REF!,#REF!= K$5), 0, MATCH($Q$2,#REF!, 0))=$H34, 1, 0))=0, "", SUM(IF(INDEX(_xlfn._xlws.FILTER(#REF!,#REF!= K$5), 0, MATCH($Q$2,#REF!, 0))=$H34, 1, 0))))), "")} | L34: {=IFERROR(IF(OR($H34="", L33=""), "", IF($H34=2, SUM(IF(INDEX(_xlfn._xlws.FILTER(#REF!,#REF!= L$5), 0, MATCH($Q$2,#REF!, 0))>1.9, 1, 0)), IF(SUM(IF(INDEX(_xlfn._xlws.FILTER(#REF!,#REF!= L$5), 0, MATCH($Q$2,#REF!, 0))=$H34, 1, 0))=0, "", SUM(IF(INDEX(_xlfn._xlws.FILTER(#REF!,#REF!= L$5), 0, MATCH($Q$2,#REF!, 0))=$H34, 1, 0))))), "")} | M34: {=IFERROR(IF(OR($H34="", M33=""), "", IF($H34=2, SUM(IF(INDEX(_xlfn._xlws.FILTER(#REF!,#REF!= M$5), 0, MATCH($Q$2,#REF!, 0))>1.9, 1, 0)), IF(SUM(IF(INDEX(_xlfn._xlws.FILTER(#REF!,#REF!= M$5), 0, MATCH($Q$2,#REF!, 0))=$H34, 1, 0))=0, "", SUM(IF(INDEX(_xlfn._xlws.FILTER(#REF!,#REF!= M$5), 0, MATCH($Q$2,#REF!, 0))=$H34, 1, 0))))), "")} | Q34: =IF(F$5 = "", "", _xlfn.CONCAT("- ", MAXA(F$6:F$77)," units of ", F$5, " population group have a % PiN at of ", INDEX(A$6:A$77, MATCH(MAXA(F$6:F$77), F$6:F$77, 0))*100, "%")) | AB34: {=IF(M$5="", "", _xlfn.CONCAT("- ", IF(IFERROR(MAXA(_xlfn._xlws.FILTER(M$6:M$77, H$6:H$77>0)), 0) = 0, "", _xlfn.CONCAT(MAXA(_xlfn._xlws.FILTER(M$6:M$77, H$6:H$77>0)), " units have ", INDEX(H$6:H$77, MATCH(MAXA(_xlfn._xlws.FILTER(M$6:M$77, H$6:H$77>0)), M$6:M$77, 0))*100, "% PiN increase")), IF(OR(IFERROR(MAXA(_xlfn._xlws.FILTER(M$6:M$77, H$6:H$77>0)), 0) = 0,IFERROR(MAXA(_xlfn._xlws.FILTER(M$6:M$77, H$6:H$77<0)), 0) = 0), "", " and "), IF(IFERROR(MAXA(_xlfn._xlws.FILTER(M$6:M$77, H$6:H$77<0)), 0)=0, "", _xlfn.CONCAT(MAXA(_xlfn._xlws.FILTER(M$6:M$77, H$6:H$77<0)), " units have ", INDEX(H$6:H$77, MATCH(MAXA(_xlfn._xlws.FILTER(M$6:M$77, H$6:H$77<0)), M$6:M$77, 0))*-100, "% PiN decrease")), " from ", $Q$2, IF(M$5="", "", _xlfn.CONCAT(" for the ", M$5," population group"))))}
B35: {=IF($A35="", "", IF(SUM(IF(INDEX(_xlfn._xlws.FILTER(#REF!, tblPiNAnalysis[Population Group]=B$5), 0, MATCH(_xlfn.CONCAT($Q$2, "%"), #REF!, 0))=$A35, 1, 0))=0, "",SUM(IF(INDEX(_xlfn._xlws.FILTER(#REF!, tblPiNAnalysis[Population Group]=B$5), 0, MATCH(_xlfn.CONCAT($Q$2, "%"), #REF!, 0))=$A35, 1, 0))))} | C35: {=IFERROR(IF(OR($A35="", C$5=""), "", IF(SUM(IF(INDEX(_xlfn._xlws.FILTER(#REF!, tblPiNAnalysis[Population Group]=C$5), 0, MATCH(_xlfn.CONCAT($Q$2, "%"), #REF!, 0))=$A35, 1, 0))=0, "",SUM(IF(INDEX(_xlfn._xlws.FILTER(#REF!, tblPiNAnalysis[Population Group]=C$5), 0, MATCH(_xlfn.CONCAT($Q$2, "%"), #REF!, 0))=$A35, 1, 0)))), "")} | D35: {=IFERROR(IF(OR($A35="", D$5=""), "", IF(SUM(IF(INDEX(_xlfn._xlws.FILTER(#REF!, tblPiNAnalysis[Population Group]=D$5), 0, MATCH(_xlfn.CONCAT($Q$2, "%"), #REF!, 0))=$A35, 1, 0))=0, "",SUM(IF(INDEX(_xlfn._xlws.FILTER(#REF!, tblPiNAnalysis[Population Group]=D$5), 0, MATCH(_xlfn.CONCAT($Q$2, "%"), #REF!, 0))=$A35, 1, 0)))), "")} | E35: {=IFERROR(IF(OR($A35="", E$5=""), "", IF(SUM(IF(INDEX(_xlfn._xlws.FILTER(#REF!, tblPiNAnalysis[Population Group]=E$5), 0, MATCH(_xlfn.CONCAT($Q$2, "%"), #REF!, 0))=$A35, 1, 0))=0, "",SUM(IF(INDEX(_xlfn._xlws.FILTER(#REF!, tblPiNAnalysis[Population Group]=E$5), 0, MATCH(_xlfn.CONCAT($Q$2, "%"), #REF!, 0))=$A35, 1, 0)))), "")} | F35: {=IFERROR(IF(OR($A35="", F$5=""), "", IF(SUM(IF(INDEX(_xlfn._xlws.FILTER(#REF!, tblPiNAnalysis[CCCM]=F$5), 0, MATCH(_xlfn.CONCAT($Q$2, "%"), #REF!, 0))=$A35, 1, 0))=0, "",SUM(IF(INDEX(_xlfn._xlws.FILTER(#REF!, tblPiNAnalysis[CCCM]=F$5), 0, MATCH(_xlfn.CONCAT($Q$2, "%"), #REF!, 0))=$A35, 1, 0)))), "")} | I35: {=IF($H35="", "", IF($H35=2, SUM(IF(INDEX(_xlfn._xlws.FILTER(#REF!,#REF!= I$5), 0, MATCH($Q$2,#REF!, 0))>1.9, 1, 0)), IF(SUM(IF(INDEX(_xlfn._xlws.FILTER(#REF!,#REF!= I$5), 0, MATCH($Q$2,#REF!, 0))=$H35, 1, 0))=0, "", SUM(IF(INDEX(_xlfn._xlws.FILTER(#REF!,#REF!= I$5), 0, MATCH($Q$2,#REF!, 0))=$H35, 1, 0)))))} | J35: {=IFERROR(IF(OR($H35="", J34=""), "", IF($H35=2, SUM(IF(INDEX(_xlfn._xlws.FILTER(#REF!,#REF!= J$5), 0, MATCH($Q$2,#REF!, 0))>1.9, 1, 0)), IF(SUM(IF(INDEX(_xlfn._xlws.FILTER(#REF!,#REF!= J$5), 0, MATCH($Q$2,#REF!, 0))=$H35, 1, 0))=0, "", SUM(IF(INDEX(_xlfn._xlws.FILTER(#REF!,#REF!= J$5), 0, MATCH($Q$2,#REF!, 0))=$H35, 1, 0))))), "")} | K35: {=IFERROR(IF(OR($H35="", K34=""), "", IF($H35=2, SUM(IF(INDEX(_xlfn._xlws.FILTER(#REF!,#REF!= K$5), 0, MATCH($Q$2,#REF!, 0))>1.9, 1, 0)), IF(SUM(IF(INDEX(_xlfn._xlws.FILTER(#REF!,#REF!= K$5), 0, MATCH($Q$2,#REF!, 0))=$H35, 1, 0))=0, "", SUM(IF(INDEX(_xlfn._xlws.FILTER(#REF!,#REF!= K$5), 0, MATCH($Q$2,#REF!, 0))=$H35, 1, 0))))), "")} | L35: {=IFERROR(IF(OR($H35="", L34=""), "", IF($H35=2, SUM(IF(INDEX(_xlfn._xlws.FILTER(#REF!,#REF!= L$5), 0, MATCH($Q$2,#REF!, 0))>1.9, 1, 0)), IF(SUM(IF(INDEX(_xlfn._xlws.FILTER(#REF!,#REF!= L$5), 0, MATCH($Q$2,#REF!, 0))=$H35, 1, 0))=0, "", SUM(IF(INDEX(_xlfn._xlws.FILTER(#REF!,#REF!= L$5), 0, MATCH($Q$2,#REF!, 0))=$H35, 1, 0))))), "")} | M35: {=IFERROR(IF(OR($H35="", M34=""), "", IF($H35=2, SUM(IF(INDEX(_xlfn._xlws.FILTER(#REF!,#REF!= M$5), 0, MATCH($Q$2,#REF!, 0))>1.9, 1, 0)), IF(SUM(IF(INDEX(_xlfn._xlws.FILTER(#REF!,#REF!= M$5), 0, MATCH($Q$2,#REF!, 0))=$H35, 1, 0))=0, "", SUM(IF(INDEX(_xlfn._xlws.FILTER(#REF!,#REF!= M$5), 0, MATCH($Q$2,#REF!, 0))=$H35, 1, 0))))), "")}
B36: {=IF($A36="", "", IF(SUM(IF(INDEX(_xlfn._xlws.FILTER(#REF!, tblPiNAnalysis[Population Group]=B$5), 0, MATCH(_xlfn.CONCAT($Q$2, "%"), #REF!, 0))=$A36, 1, 0))=0, "",SUM(IF(INDEX(_xlfn._xlws.FILTER(#REF!, tblPiNAnalysis[Population Group]=B$5), 0, MATCH(_xlfn.CONCAT($Q$2, "%"), #REF!, 0))=$A36, 1, 0))))} | C36: {=IFERROR(IF(OR($A36="", C$5=""), "", IF(SUM(IF(INDEX(_xlfn._xlws.FILTER(#REF!, tblPiNAnalysis[Population Group]=C$5), 0, MATCH(_xlfn.CONCAT($Q$2, "%"), #REF!, 0))=$A36, 1, 0))=0, "",SUM(IF(INDEX(_xlfn._xlws.FILTER(#REF!, tblPiNAnalysis[Population Group]=C$5), 0, MATCH(_xlfn.CONCAT($Q$2, "%"), #REF!, 0))=$A36, 1, 0)))), "")} | D36: {=IFERROR(IF(OR($A36="", D$5=""), "", IF(SUM(IF(INDEX(_xlfn._xlws.FILTER(#REF!, tblPiNAnalysis[Population Group]=D$5), 0, MATCH(_xlfn.CONCAT($Q$2, "%"), #REF!, 0))=$A36, 1, 0))=0, "",SUM(IF(INDEX(_xlfn._xlws.FILTER(#REF!, tblPiNAnalysis[Population Group]=D$5), 0, MATCH(_xlfn.CONCAT($Q$2, "%"), #REF!, 0))=$A36, 1, 0)))), "")} | E36: {=IFERROR(IF(OR($A36="", E$5=""), "", IF(SUM(IF(INDEX(_xlfn._xlws.FILTER(#REF!, tblPiNAnalysis[Population Group]=E$5), 0, MATCH(_xlfn.CONCAT($Q$2, "%"), #REF!, 0))=$A36, 1, 0))=0, "",SUM(IF(INDEX(_xlfn._xlws.FILTER(#REF!, tblPiNAnalysis[Population Group]=E$5), 0, MATCH(_xlfn.CONCAT($Q$2, "%"), #REF!, 0))=$A36, 1, 0)))), "")} | F36: {=IFERROR(IF(OR($A36="", F$5=""), "", IF(SUM(IF(INDEX(_xlfn._xlws.FILTER(#REF!, tblPiNAnalysis[CCCM]=F$5), 0, MATCH(_xlfn.CONCAT($Q$2, "%"), #REF!, 0))=$A36, 1, 0))=0, "",SUM(IF(INDEX(_xlfn._xlws.FILTER(#REF!, tblPiNAnalysis[CCCM]=F$5), 0, MATCH(_xlfn.CONCAT($Q$2, "%"), #REF!, 0))=$A36, 1, 0)))), "")} | I36: {=IF($H36="", "", IF($H36=2, SUM(IF(INDEX(_xlfn._xlws.FILTER(#REF!,#REF!= I$5), 0, MATCH($Q$2,#REF!, 0))>1.9, 1, 0)), IF(SUM(IF(INDEX(_xlfn._xlws.FILTER(#REF!,#REF!= I$5), 0, MATCH($Q$2,#REF!, 0))=$H36, 1, 0))=0, "", SUM(IF(INDEX(_xlfn._xlws.FILTER(#REF!,#REF!= I$5), 0, MATCH($Q$2,#REF!, 0))=$H36, 1, 0)))))} | J36: {=IFERROR(IF(OR($H36="", J35=""), "", IF($H36=2, SUM(IF(INDEX(_xlfn._xlws.FILTER(#REF!,#REF!= J$5), 0, MATCH($Q$2,#REF!, 0))>1.9, 1, 0)), IF(SUM(IF(INDEX(_xlfn._xlws.FILTER(#REF!,#REF!= J$5), 0, MATCH($Q$2,#REF!, 0))=$H36, 1, 0))=0, "", SUM(IF(INDEX(_xlfn._xlws.FILTER(#REF!,#REF!= J$5), 0, MATCH($Q$2,#REF!, 0))=$H36, 1, 0))))), "")} | K36: {=IFERROR(IF(OR($H36="", K35=""), "", IF($H36=2, SUM(IF(INDEX(_xlfn._xlws.FILTER(#REF!,#REF!= K$5), 0, MATCH($Q$2,#REF!, 0))>1.9, 1, 0)), IF(SUM(IF(INDEX(_xlfn._xlws.FILTER(#REF!,#REF!= K$5), 0, MATCH($Q$2,#REF!, 0))=$H36, 1, 0))=0, "", SUM(IF(INDEX(_xlfn._xlws.FILTER(#REF!,#REF!= K$5), 0, MATCH($Q$2,#REF!, 0))=$H36, 1, 0))))), "")} | L36: {=IFERROR(IF(OR($H36="", L35=""), "", IF($H36=2, SUM(IF(INDEX(_xlfn._xlws.FILTER(#REF!,#REF!= L$5), 0, MATCH($Q$2,#REF!, 0))>1.9, 1, 0)), IF(SUM(IF(INDEX(_xlfn._xlws.FILTER(#REF!,#REF!= L$5), 0, MATCH($Q$2,#REF!, 0))=$H36, 1, 0))=0, "", SUM(IF(INDEX(_xlfn._xlws.FILTER(#REF!,#REF!= L$5), 0, MATCH($Q$2,#REF!, 0))=$H36, 1, 0))))), "")} | M36: {=IFERROR(IF(OR($H36="", M35=""), "", IF($H36=2, SUM(IF(INDEX(_xlfn._xlws.FILTER(#REF!,#REF!= M$5), 0, MATCH($Q$2,#REF!, 0))>1.9, 1, 0)), IF(SUM(IF(INDEX(_xlfn._xlws.FILTER(#REF!,#REF!= M$5), 0, MATCH($Q$2,#REF!, 0))=$H36, 1, 0))=0, "", SUM(IF(INDEX(_xlfn._xlws.FILTER(#REF!,#REF!= M$5), 0, MATCH($Q$2,#REF!, 0))=$H36, 1, 0))))), "")}
B37: {=IF($A37="", "", IF(SUM(IF(INDEX(_xlfn._xlws.FILTER(#REF!, tblPiNAnalysis[Population Group]=B$5), 0, MATCH(_xlfn.CONCAT($Q$2, "%"), #REF!, 0))=$A37, 1, 0))=0, "",SUM(IF(INDEX(_xlfn._xlws.FILTER(#REF!, tblPiNAnalysis[Population Group]=B$5), 0, MATCH(_xlfn.CONCAT($Q$2, "%"), #REF!, 0))=$A37, 1, 0))))} | C37: {=IFERROR(IF(OR($A37="", C$5=""), "", IF(SUM(IF(INDEX(_xlfn._xlws.FILTER(#REF!, tblPiNAnalysis[Population Group]=C$5), 0, MATCH(_xlfn.CONCAT($Q$2, "%"), #REF!, 0))=$A37, 1, 0))=0, "",SUM(IF(INDEX(_xlfn._xlws.FILTER(#REF!, tblPiNAnalysis[Population Group]=C$5), 0, MATCH(_xlfn.CONCAT($Q$2, "%"), #REF!, 0))=$A37, 1, 0)))), "")} | D37: {=IFERROR(IF(OR($A37="", D$5=""), "", IF(SUM(IF(INDEX(_xlfn._xlws.FILTER(#REF!, tblPiNAnalysis[Population Group]=D$5), 0, MATCH(_xlfn.CONCAT($Q$2, "%"), #REF!, 0))=$A37, 1, 0))=0, "",SUM(IF(INDEX(_xlfn._xlws.FILTER(#REF!, tblPiNAnalysis[Population Group]=D$5), 0, MATCH(_xlfn.CONCAT($Q$2, "%"), #REF!, 0))=$A37, 1, 0)))), "")} | E37: {=IFERROR(IF(OR($A37="", E$5=""), "", IF(SUM(IF(INDEX(_xlfn._xlws.FILTER(#REF!, tblPiNAnalysis[Population Group]=E$5), 0, MATCH(_xlfn.CONCAT($Q$2, "%"), #REF!, 0))=$A37, 1, 0))=0, "",SUM(IF(INDEX(_xlfn._xlws.FILTER(#REF!, tblPiNAnalysis[Population Group]=E$5), 0, MATCH(_xlfn.CONCAT($Q$2, "%"), #REF!, 0))=$A37, 1, 0)))), "")} | F37: {=IFERROR(IF(OR($A37="", F$5=""), "", IF(SUM(IF(INDEX(_xlfn._xlws.FILTER(#REF!, tblPiNAnalysis[CCCM]=F$5), 0, MATCH(_xlfn.CONCAT($Q$2, "%"), #REF!, 0))=$A37, 1, 0))=0, "",SUM(IF(INDEX(_xlfn._xlws.FILTER(#REF!, tblPiNAnalysis[CCCM]=F$5), 0, MATCH(_xlfn.CONCAT($Q$2, "%"), #REF!, 0))=$A37, 1, 0)))), "")} | I37: {=IF($H37="", "", IF($H37=2, SUM(IF(INDEX(_xlfn._xlws.FILTER(#REF!,#REF!= I$5), 0, MATCH($Q$2,#REF!, 0))>1.9, 1, 0)), IF(SUM(IF(INDEX(_xlfn._xlws.FILTER(#REF!,#REF!= I$5), 0, MATCH($Q$2,#REF!, 0))=$H37, 1, 0))=0, "", SUM(IF(INDEX(_xlfn._xlws.FILTER(#REF!,#REF!= I$5), 0, MATCH($Q$2,#REF!, 0))=$H37, 1, 0)))))} | J37: {=IFERROR(IF(OR($H37="", J36=""), "", IF($H37=2, SUM(IF(INDEX(_xlfn._xlws.FILTER(#REF!,#REF!= J$5), 0, MATCH($Q$2,#REF!, 0))>1.9, 1, 0)), IF(SUM(IF(INDEX(_xlfn._xlws.FILTER(#REF!,#REF!= J$5), 0, MATCH($Q$2,#REF!, 0))=$H37, 1, 0))=0, "", SUM(IF(INDEX(_xlfn._xlws.FILTER(#REF!,#REF!= J$5), 0, MATCH($Q$2,#REF!, 0))=$H37, 1, 0))))), "")} | K37: {=IFERROR(IF(OR($H37="", K36=""), "", IF($H37=2, SUM(IF(INDEX(_xlfn._xlws.FILTER(#REF!,#REF!= K$5), 0, MATCH($Q$2,#REF!, 0))>1.9, 1, 0)), IF(SUM(IF(INDEX(_xlfn._xlws.FILTER(#REF!,#REF!= K$5), 0, MATCH($Q$2,#REF!, 0))=$H37, 1, 0))=0, "", SUM(IF(INDEX(_xlfn._xlws.FILTER(#REF!,#REF!= K$5), 0, MATCH($Q$2,#REF!, 0))=$H37, 1, 0))))), "")} | L37: {=IFERROR(IF(OR($H37="", L36=""), "", IF($H37=2, SUM(IF(INDEX(_xlfn._xlws.FILTER(#REF!,#REF!= L$5), 0, MATCH($Q$2,#REF!, 0))>1.9, 1, 0)), IF(SUM(IF(INDEX(_xlfn._xlws.FILTER(#REF!,#REF!= L$5), 0, MATCH($Q$2,#REF!, 0))=$H37, 1, 0))=0, "", SUM(IF(INDEX(_xlfn._xlws.FILTER(#REF!,#REF!= L$5), 0, MATCH($Q$2,#REF!, 0))=$H37, 1, 0))))), "")} | M37: {=IFERROR(IF(OR($H37="", M36=""), "", IF($H37=2, SUM(IF(INDEX(_xlfn._xlws.FILTER(#REF!,#REF!= M$5), 0, MATCH($Q$2,#REF!, 0))>1.9, 1, 0)), IF(SUM(IF(INDEX(_xlfn._xlws.FILTER(#REF!,#REF!= M$5), 0, MATCH($Q$2,#REF!, 0))=$H37, 1, 0))=0, "", SUM(IF(INDEX(_xlfn._xlws.FILTER(#REF!,#REF!= M$5), 0, MATCH($Q$2,#REF!, 0))=$H37, 1, 0))))), "")}
B38: {=IF($A38="", "", IF(SUM(IF(INDEX(_xlfn._xlws.FILTER(#REF!, tblPiNAnalysis[Population Group]=B$5), 0, MATCH(_xlfn.CONCAT($Q$2, "%"), #REF!, 0))=$A38, 1, 0))=0, "",SUM(IF(INDEX(_xlfn._xlws.FILTER(#REF!, tblPiNAnalysis[Population Group]=B$5), 0, MATCH(_xlfn.CONCAT($Q$2, "%"), #REF!, 0))=$A38, 1, 0))))} | C38: {=IFERROR(IF(OR($A38="", C$5=""), "", IF(SUM(IF(INDEX(_xlfn._xlws.FILTER(#REF!, tblPiNAnalysis[Population Group]=C$5), 0, MATCH(_xlfn.CONCAT($Q$2, "%"), #REF!, 0))=$A38, 1, 0))=0, "",SUM(IF(INDEX(_xlfn._xlws.FILTER(#REF!, tblPiNAnalysis[Population Group]=C$5), 0, MATCH(_xlfn.CONCAT($Q$2, "%"), #REF!, 0))=$A38, 1, 0)))), "")} | D38: {=IFERROR(IF(OR($A38="", D$5=""), "", IF(SUM(IF(INDEX(_xlfn._xlws.FILTER(#REF!, tblPiNAnalysis[Population Group]=D$5), 0, MATCH(_xlfn.CONCAT($Q$2, "%"), #REF!, 0))=$A38, 1, 0))=0, "",SUM(IF(INDEX(_xlfn._xlws.FILTER(#REF!, tblPiNAnalysis[Population Group]=D$5), 0, MATCH(_xlfn.CONCAT($Q$2, "%"), #REF!, 0))=$A38, 1, 0)))), "")} | E38: {=IFERROR(IF(OR($A38="", E$5=""), "", IF(SUM(IF(INDEX(_xlfn._xlws.FILTER(#REF!, tblPiNAnalysis[Population Group]=E$5), 0, MATCH(_xlfn.CONCAT($Q$2, "%"), #REF!, 0))=$A38, 1, 0))=0, "",SUM(IF(INDEX(_xlfn._xlws.FILTER(#REF!, tblPiNAnalysis[Population Group]=E$5), 0, MATCH(_xlfn.CONCAT($Q$2, "%"), #REF!, 0))=$A38, 1, 0)))), "")} | F38: {=IFERROR(IF(OR($A38="", F$5=""), "", IF(SUM(IF(INDEX(_xlfn._xlws.FILTER(#REF!, tblPiNAnalysis[CCCM]=F$5), 0, MATCH(_xlfn.CONCAT($Q$2, "%"), #REF!, 0))=$A38, 1, 0))=0, "",SUM(IF(INDEX(_xlfn._xlws.FILTER(#REF!, tblPiNAnalysis[CCCM]=F$5), 0, MATCH(_xlfn.CONCAT($Q$2, "%"), #REF!, 0))=$A38, 1, 0)))), "")} | I38: {=IF($H38="", "", IF($H38=2, SUM(IF(INDEX(_xlfn._xlws.FILTER(#REF!,#REF!= I$5), 0, MATCH($Q$2,#REF!, 0))>1.9, 1, 0)), IF(SUM(IF(INDEX(_xlfn._xlws.FILTER(#REF!,#REF!= I$5), 0, MATCH($Q$2,#REF!, 0))=$H38, 1, 0))=0, "", SUM(IF(INDEX(_xlfn._xlws.FILTER(#REF!,#REF!= I$5), 0, MATCH($Q$2,#REF!, 0))=$H38, 1, 0)))))} | J38: {=IFERROR(IF(OR($H38="", J37=""), "", IF($H38=2, SUM(IF(INDEX(_xlfn._xlws.FILTER(#REF!,#REF!= J$5), 0, MATCH($Q$2,#REF!, 0))>1.9, 1, 0)), IF(SUM(IF(INDEX(_xlfn._xlws.FILTER(#REF!,#REF!= J$5), 0, MATCH($Q$2,#REF!, 0))=$H38, 1, 0))=0, "", SUM(IF(INDEX(_xlfn._xlws.FILTER(#REF!,#REF!= J$5), 0, MATCH($Q$2,#REF!, 0))=$H38, 1, 0))))), "")} | K38: {=IFERROR(IF(OR($H38="", K37=""), "", IF($H38=2, SUM(IF(INDEX(_xlfn._xlws.FILTER(#REF!,#REF!= K$5), 0, MATCH($Q$2,#REF!, 0))>1.9, 1, 0)), IF(SUM(IF(INDEX(_xlfn._xlws.FILTER(#REF!,#REF!= K$5), 0, MATCH($Q$2,#REF!, 0))=$H38, 1, 0))=0, "", SUM(IF(INDEX(_xlfn._xlws.FILTER(#REF!,#REF!= K$5), 0, MATCH($Q$2,#REF!, 0))=$H38, 1, 0))))), "")} | L38: {=IFERROR(IF(OR($H38="", L37=""), "", IF($H38=2, SUM(IF(INDEX(_xlfn._xlws.FILTER(#REF!,#REF!= L$5), 0, MATCH($Q$2,#REF!, 0))>1.9, 1, 0)), IF(SUM(IF(INDEX(_xlfn._xlws.FILTER(#REF!,#REF!= L$5), 0, MATCH($Q$2,#REF!, 0))=$H38, 1, 0))=0, "", SUM(IF(INDEX(_xlfn._xlws.FILTER(#REF!,#REF!= L$5), 0, MATCH($Q$2,#REF!, 0))=$H38, 1, 0))))), "")} | M38: {=IFERROR(IF(OR($H38="", M37=""), "", IF($H38=2, SUM(IF(INDEX(_xlfn._xlws.FILTER(#REF!,#REF!= M$5), 0, MATCH($Q$2,#REF!, 0))>1.9, 1, 0)), IF(SUM(IF(INDEX(_xlfn._xlws.FILTER(#REF!,#REF!= M$5), 0, MATCH($Q$2,#REF!, 0))=$H38, 1, 0))=0, "", SUM(IF(INDEX(_xlfn._xlws.FILTER(#REF!,#REF!= M$5), 0, MATCH($Q$2,#REF!, 0))=$H38, 1, 0))))), "")}
B39: {=IF($A39="", "", IF(SUM(IF(INDEX(_xlfn._xlws.FILTER(#REF!, tblPiNAnalysis[Population Group]=B$5), 0, MATCH(_xlfn.CONCAT($Q$2, "%"), #REF!, 0))=$A39, 1, 0))=0, "",SUM(IF(INDEX(_xlfn._xlws.FILTER(#REF!, tblPiNAnalysis[Population Group]=B$5), 0, MATCH(_xlfn.CONCAT($Q$2, "%"), #REF!, 0))=$A39, 1, 0))))} | C39: {=IFERROR(IF(OR($A39="", C$5=""), "", IF(SUM(IF(INDEX(_xlfn._xlws.FILTER(#REF!, tblPiNAnalysis[Population Group]=C$5), 0, MATCH(_xlfn.CONCAT($Q$2, "%"), #REF!, 0))=$A39, 1, 0))=0, "",SUM(IF(INDEX(_xlfn._xlws.FILTER(#REF!, tblPiNAnalysis[Population Group]=C$5), 0, MATCH(_xlfn.CONCAT($Q$2, "%"), #REF!, 0))=$A39, 1, 0)))), "")} | D39: {=IFERROR(IF(OR($A39="", D$5=""), "", IF(SUM(IF(INDEX(_xlfn._xlws.FILTER(#REF!, tblPiNAnalysis[Population Group]=D$5), 0, MATCH(_xlfn.CONCAT($Q$2, "%"), #REF!, 0))=$A39, 1, 0))=0, "",SUM(IF(INDEX(_xlfn._xlws.FILTER(#REF!, tblPiNAnalysis[Population Group]=D$5), 0, MATCH(_xlfn.CONCAT($Q$2, "%"), #REF!, 0))=$A39, 1, 0)))), "")} | E39: {=IFERROR(IF(OR($A39="", E$5=""), "", IF(SUM(IF(INDEX(_xlfn._xlws.FILTER(#REF!, tblPiNAnalysis[Population Group]=E$5), 0, MATCH(_xlfn.CONCAT($Q$2, "%"), #REF!, 0))=$A39, 1, 0))=0, "",SUM(IF(INDEX(_xlfn._xlws.FILTER(#REF!, tblPiNAnalysis[Population Group]=E$5), 0, MATCH(_xlfn.CONCAT($Q$2, "%"), #REF!, 0))=$A39, 1, 0)))), "")} | F39: {=IFERROR(IF(OR($A39="", F$5=""), "", IF(SUM(IF(INDEX(_xlfn._xlws.FILTER(#REF!, tblPiNAnalysis[CCCM]=F$5), 0, MATCH(_xlfn.CONCAT($Q$2, "%"), #REF!, 0))=$A39, 1, 0))=0, "",SUM(IF(INDEX(_xlfn._xlws.FILTER(#REF!, tblPiNAnalysis[CCCM]=F$5), 0, MATCH(_xlfn.CONCAT($Q$2, "%"), #REF!, 0))=$A39, 1, 0)))), "")} | I39: {=IF($H39="", "", IF($H39=2, SUM(IF(INDEX(_xlfn._xlws.FILTER(#REF!,#REF!= I$5), 0, MATCH($Q$2,#REF!, 0))>1.9, 1, 0)), IF(SUM(IF(INDEX(_xlfn._xlws.FILTER(#REF!,#REF!= I$5), 0, MATCH($Q$2,#REF!, 0))=$H39, 1, 0))=0, "", SUM(IF(INDEX(_xlfn._xlws.FILTER(#REF!,#REF!= I$5), 0, MATCH($Q$2,#REF!, 0))=$H39, 1, 0)))))} | J39: {=IFERROR(IF(OR($H39="", J38=""), "", IF($H39=2, SUM(IF(INDEX(_xlfn._xlws.FILTER(#REF!,#REF!= J$5), 0, MATCH($Q$2,#REF!, 0))>1.9, 1, 0)), IF(SUM(IF(INDEX(_xlfn._xlws.FILTER(#REF!,#REF!= J$5), 0, MATCH($Q$2,#REF!, 0))=$H39, 1, 0))=0, "", SUM(IF(INDEX(_xlfn._xlws.FILTER(#REF!,#REF!= J$5), 0, MATCH($Q$2,#REF!, 0))=$H39, 1, 0))))), "")} | K39: {=IFERROR(IF(OR($H39="", K38=""), "", IF($H39=2, SUM(IF(INDEX(_xlfn._xlws.FILTER(#REF!,#REF!= K$5), 0, MATCH($Q$2,#REF!, 0))>1.9, 1, 0)), IF(SUM(IF(INDEX(_xlfn._xlws.FILTER(#REF!,#REF!= K$5), 0, MATCH($Q$2,#REF!, 0))=$H39, 1, 0))=0, "", SUM(IF(INDEX(_xlfn._xlws.FILTER(#REF!,#REF!= K$5), 0, MATCH($Q$2,#REF!, 0))=$H39, 1, 0))))), "")} | L39: {=IFERROR(IF(OR($H39="", L38=""), "", IF($H39=2, SUM(IF(INDEX(_xlfn._xlws.FILTER(#REF!,#REF!= L$5), 0, MATCH($Q$2,#REF!, 0))>1.9, 1, 0)), IF(SUM(IF(INDEX(_xlfn._xlws.FILTER(#REF!,#REF!= L$5), 0, MATCH($Q$2,#REF!, 0))=$H39, 1, 0))=0, "", SUM(IF(INDEX(_xlfn._xlws.FILTER(#REF!,#REF!= L$5), 0, MATCH($Q$2,#REF!, 0))=$H39, 1, 0))))), "")} | M39: {=IFERROR(IF(OR($H39="", M38=""), "", IF($H39=2, SUM(IF(INDEX(_xlfn._xlws.FILTER(#REF!,#REF!= M$5), 0, MATCH($Q$2,#REF!, 0))>1.9, 1, 0)), IF(SUM(IF(INDEX(_xlfn._xlws.FILTER(#REF!,#REF!= M$5), 0, MATCH($Q$2,#REF!, 0))=$H39, 1, 0))=0, "", SUM(IF(INDEX(_xlfn._xlws.FILTER(#REF!,#REF!= M$5), 0, MATCH($Q$2,#REF!, 0))=$H39, 1, 0))))), "")}
B40: {=IF($A40="", "", IF(SUM(IF(INDEX(_xlfn._xlws.FILTER(#REF!, tblPiNAnalysis[Population Group]=B$5), 0, MATCH(_xlfn.CONCAT($Q$2, "%"), #REF!, 0))=$A40, 1, 0))=0, "",SUM(IF(INDEX(_xlfn._xlws.FILTER(#REF!, tblPiNAnalysis[Population Group]=B$5), 0, MATCH(_xlfn.CONCAT($Q$2, "%"), #REF!, 0))=$A40, 1, 0))))} | C40: {=IFERROR(IF(OR($A40="", C$5=""), "", IF(SUM(IF(INDEX(_xlfn._xlws.FILTER(#REF!, tblPiNAnalysis[Population Group]=C$5), 0, MATCH(_xlfn.CONCAT($Q$2, "%"), #REF!, 0))=$A40, 1, 0))=0, "",SUM(IF(INDEX(_xlfn._xlws.FILTER(#REF!, tblPiNAnalysis[Population Group]=C$5), 0, MATCH(_xlfn.CONCAT($Q$2, "%"), #REF!, 0))=$A40, 1, 0)))), "")} | D40: {=IFERROR(IF(OR($A40="", D$5=""), "", IF(SUM(IF(INDEX(_xlfn._xlws.FILTER(#REF!, tblPiNAnalysis[Population Group]=D$5), 0, MATCH(_xlfn.CONCAT($Q$2, "%"), #REF!, 0))=$A40, 1, 0))=0, "",SUM(IF(INDEX(_xlfn._xlws.FILTER(#REF!, tblPiNAnalysis[Population Group]=D$5), 0, MATCH(_xlfn.CONCAT($Q$2, "%"), #REF!, 0))=$A40, 1, 0)))), "")} | E40: {=IFERROR(IF(OR($A40="", E$5=""), "", IF(SUM(IF(INDEX(_xlfn._xlws.FILTER(#REF!, tblPiNAnalysis[Population Group]=E$5), 0, MATCH(_xlfn.CONCAT($Q$2, "%"), #REF!, 0))=$A40, 1, 0))=0, "",SUM(IF(INDEX(_xlfn._xlws.FILTER(#REF!, tblPiNAnalysis[Population Group]=E$5), 0, MATCH(_xlfn.CONCAT($Q$2, "%"), #REF!, 0))=$A40, 1, 0)))), "")} | F40: {=IFERROR(IF(OR($A40="", F$5=""), "", IF(SUM(IF(INDEX(_xlfn._xlws.FILTER(#REF!, tblPiNAnalysis[CCCM]=F$5), 0, MATCH(_xlfn.CONCAT($Q$2, "%"), #REF!, 0))=$A40, 1, 0))=0, "",SUM(IF(INDEX(_xlfn._xlws.FILTER(#REF!, tblPiNAnalysis[CCCM]=F$5), 0, MATCH(_xlfn.CONCAT($Q$2, "%"), #REF!, 0))=$A40, 1, 0)))), "")} | I40: {=IF($H40="", "", IF($H40=2, SUM(IF(INDEX(_xlfn._xlws.FILTER(#REF!,#REF!= I$5), 0, MATCH($Q$2,#REF!, 0))>1.9, 1, 0)), IF(SUM(IF(INDEX(_xlfn._xlws.FILTER(#REF!,#REF!= I$5), 0, MATCH($Q$2,#REF!, 0))=$H40, 1, 0))=0, "", SUM(IF(INDEX(_xlfn._xlws.FILTER(#REF!,#REF!= I$5), 0, MATCH($Q$2,#REF!, 0))=$H40, 1, 0)))))} | J40: {=IFERROR(IF(OR($H40="", J39=""), "", IF($H40=2, SUM(IF(INDEX(_xlfn._xlws.FILTER(#REF!,#REF!= J$5), 0, MATCH($Q$2,#REF!, 0))>1.9, 1, 0)), IF(SUM(IF(INDEX(_xlfn._xlws.FILTER(#REF!,#REF!= J$5), 0, MATCH($Q$2,#REF!, 0))=$H40, 1, 0))=0, "", SUM(IF(INDEX(_xlfn._xlws.FILTER(#REF!,#REF!= J$5), 0, MATCH($Q$2,#REF!, 0))=$H40, 1, 0))))), "")} | K40: {=IFERROR(IF(OR($H40="", K39=""), "", IF($H40=2, SUM(IF(INDEX(_xlfn._xlws.FILTER(#REF!,#REF!= K$5), 0, MATCH($Q$2,#REF!, 0))>1.9, 1, 0)), IF(SUM(IF(INDEX(_xlfn._xlws.FILTER(#REF!,#REF!= K$5), 0, MATCH($Q$2,#REF!, 0))=$H40, 1, 0))=0, "", SUM(IF(INDEX(_xlfn._xlws.FILTER(#REF!,#REF!= K$5), 0, MATCH($Q$2,#REF!, 0))=$H40, 1, 0))))), "")} | L40: {=IFERROR(IF(OR($H40="", L39=""), "", IF($H40=2, SUM(IF(INDEX(_xlfn._xlws.FILTER(#REF!,#REF!= L$5), 0, MATCH($Q$2,#REF!, 0))>1.9, 1, 0)), IF(SUM(IF(INDEX(_xlfn._xlws.FILTER(#REF!,#REF!= L$5), 0, MATCH($Q$2,#REF!, 0))=$H40, 1, 0))=0, "", SUM(IF(INDEX(_xlfn._xlws.FILTER(#REF!,#REF!= L$5), 0, MATCH($Q$2,#REF!, 0))=$H40, 1, 0))))), "")} | M40: {=IFERROR(IF(OR($H40="", M39=""), "", IF($H40=2, SUM(IF(INDEX(_xlfn._xlws.FILTER(#REF!,#REF!= M$5), 0, MATCH($Q$2,#REF!, 0))>1.9, 1, 0)), IF(SUM(IF(INDEX(_xlfn._xlws.FILTER(#REF!,#REF!= M$5), 0, MATCH($Q$2,#REF!, 0))=$H40, 1, 0))=0, "", SUM(IF(INDEX(_xlfn._xlws.FILTER(#REF!,#REF!= M$5), 0, MATCH($Q$2,#REF!, 0))=$H40, 1, 0))))), "")}
B41: {=IF($A41="", "", IF(SUM(IF(INDEX(_xlfn._xlws.FILTER(#REF!, tblPiNAnalysis[Population Group]=B$5), 0, MATCH(_xlfn.CONCAT($Q$2, "%"), #REF!, 0))=$A41, 1, 0))=0, "",SUM(IF(INDEX(_xlfn._xlws.FILTER(#REF!, tblPiNAnalysis[Population Group]=B$5), 0, MATCH(_xlfn.CONCAT($Q$2, "%"), #REF!, 0))=$A41, 1, 0))))} | C41: {=IFERROR(IF(OR($A41="", C$5=""), "", IF(SUM(IF(INDEX(_xlfn._xlws.FILTER(#REF!, tblPiNAnalysis[Population Group]=C$5), 0, MATCH(_xlfn.CONCAT($Q$2, "%"), #REF!, 0))=$A41, 1, 0))=0, "",SUM(IF(INDEX(_xlfn._xlws.FILTER(#REF!, tblPiNAnalysis[Population Group]=C$5), 0, MATCH(_xlfn.CONCAT($Q$2, "%"), #REF!, 0))=$A41, 1, 0)))), "")} | D41: {=IFERROR(IF(OR($A41="", D$5=""), "", IF(SUM(IF(INDEX(_xlfn._xlws.FILTER(#REF!, tblPiNAnalysis[Population Group]=D$5), 0, MATCH(_xlfn.CONCAT($Q$2, "%"), #REF!, 0))=$A41, 1, 0))=0, "",SUM(IF(INDEX(_xlfn._xlws.FILTER(#REF!, tblPiNAnalysis[Population Group]=D$5), 0, MATCH(_xlfn.CONCAT($Q$2, "%"), #REF!, 0))=$A41, 1, 0)))), "")} | E41: {=IFERROR(IF(OR($A41="", E$5=""), "", IF(SUM(IF(INDEX(_xlfn._xlws.FILTER(#REF!, tblPiNAnalysis[Population Group]=E$5), 0, MATCH(_xlfn.CONCAT($Q$2, "%"), #REF!, 0))=$A41, 1, 0))=0, "",SUM(IF(INDEX(_xlfn._xlws.FILTER(#REF!, tblPiNAnalysis[Population Group]=E$5), 0, MATCH(_xlfn.CONCAT($Q$2, "%"), #REF!, 0))=$A41, 1, 0)))), "")} | F41: {=IFERROR(IF(OR($A41="", F$5=""), "", IF(SUM(IF(INDEX(_xlfn._xlws.FILTER(#REF!, tblPiNAnalysis[CCCM]=F$5), 0, MATCH(_xlfn.CONCAT($Q$2, "%"), #REF!, 0))=$A41, 1, 0))=0, "",SUM(IF(INDEX(_xlfn._xlws.FILTER(#REF!, tblPiNAnalysis[CCCM]=F$5), 0, MATCH(_xlfn.CONCAT($Q$2, "%"), #REF!, 0))=$A41, 1, 0)))), "")} | I41: {=IF($H41="", "", IF($H41=2, SUM(IF(INDEX(_xlfn._xlws.FILTER(#REF!,#REF!= I$5), 0, MATCH($Q$2,#REF!, 0))>1.9, 1, 0)), IF(SUM(IF(INDEX(_xlfn._xlws.FILTER(#REF!,#REF!= I$5), 0, MATCH($Q$2,#REF!, 0))=$H41, 1, 0))=0, "", SUM(IF(INDEX(_xlfn._xlws.FILTER(#REF!,#REF!= I$5), 0, MATCH($Q$2,#REF!, 0))=$H41, 1, 0)))))} | J41: {=IFERROR(IF(OR($H41="", J40=""), "", IF($H41=2, SUM(IF(INDEX(_xlfn._xlws.FILTER(#REF!,#REF!= J$5), 0, MATCH($Q$2,#REF!, 0))>1.9, 1, 0)), IF(SUM(IF(INDEX(_xlfn._xlws.FILTER(#REF!,#REF!= J$5), 0, MATCH($Q$2,#REF!, 0))=$H41, 1, 0))=0, "", SUM(IF(INDEX(_xlfn._xlws.FILTER(#REF!,#REF!= J$5), 0, MATCH($Q$2,#REF!, 0))=$H41, 1, 0))))), "")} | K41: {=IFERROR(IF(OR($H41="", K40=""), "", IF($H41=2, SUM(IF(INDEX(_xlfn._xlws.FILTER(#REF!,#REF!= K$5), 0, MATCH($Q$2,#REF!, 0))>1.9, 1, 0)), IF(SUM(IF(INDEX(_xlfn._xlws.FILTER(#REF!,#REF!= K$5), 0, MATCH($Q$2,#REF!, 0))=$H41, 1, 0))=0, "", SUM(IF(INDEX(_xlfn._xlws.FILTER(#REF!,#REF!= K$5), 0, MATCH($Q$2,#REF!, 0))=$H41, 1, 0))))), "")} | L41: {=IFERROR(IF(OR($H41="", L40=""), "", IF($H41=2, SUM(IF(INDEX(_xlfn._xlws.FILTER(#REF!,#REF!= L$5), 0, MATCH($Q$2,#REF!, 0))>1.9, 1, 0)), IF(SUM(IF(INDEX(_xlfn._xlws.FILTER(#REF!,#REF!= L$5), 0, MATCH($Q$2,#REF!, 0))=$H41, 1, 0))=0, "", SUM(IF(INDEX(_xlfn._xlws.FILTER(#REF!,#REF!= L$5), 0, MATCH($Q$2,#REF!, 0))=$H41, 1, 0))))), "")} | M41: {=IFERROR(IF(OR($H41="", M40=""), "", IF($H41=2, SUM(IF(INDEX(_xlfn._xlws.FILTER(#REF!,#REF!= M$5), 0, MATCH($Q$2,#REF!, 0))>1.9, 1, 0)), IF(SUM(IF(INDEX(_xlfn._xlws.FILTER(#REF!,#REF!= M$5), 0, MATCH($Q$2,#REF!, 0))=$H41, 1, 0))=0, "", SUM(IF(INDEX(_xlfn._xlws.FILTER(#REF!,#REF!= M$5), 0, MATCH($Q$2,#REF!, 0))=$H41, 1, 0))))), "")}
B42: {=IF($A42="", "", IF(SUM(IF(INDEX(_xlfn._xlws.FILTER(#REF!, tblPiNAnalysis[Population Group]=B$5), 0, MATCH(_xlfn.CONCAT($Q$2, "%"), #REF!, 0))=$A42, 1, 0))=0, "",SUM(IF(INDEX(_xlfn._xlws.FILTER(#REF!, tblPiNAnalysis[Population Group]=B$5), 0, MATCH(_xlfn.CONCAT($Q$2, "%"), #REF!, 0))=$A42, 1, 0))))} | C42: {=IFERROR(IF(OR($A42="", C$5=""), "", IF(SUM(IF(INDEX(_xlfn._xlws.FILTER(#REF!, tblPiNAnalysis[Population Group]=C$5), 0, MATCH(_xlfn.CONCAT($Q$2, "%"), #REF!, 0))=$A42, 1, 0))=0, "",SUM(IF(INDEX(_xlfn._xlws.FILTER(#REF!, tblPiNAnalysis[Population Group]=C$5), 0, MATCH(_xlfn.CONCAT($Q$2, "%"), #REF!, 0))=$A42, 1, 0)))), "")} | D42: {=IFERROR(IF(OR($A42="", D$5=""), "", IF(SUM(IF(INDEX(_xlfn._xlws.FILTER(#REF!, tblPiNAnalysis[Population Group]=D$5), 0, MATCH(_xlfn.CONCAT($Q$2, "%"), #REF!, 0))=$A42, 1, 0))=0, "",SUM(IF(INDEX(_xlfn._xlws.FILTER(#REF!, tblPiNAnalysis[Population Group]=D$5), 0, MATCH(_xlfn.CONCAT($Q$2, "%"), #REF!, 0))=$A42, 1, 0)))), "")} | E42: {=IFERROR(IF(OR($A42="", E$5=""), "", IF(SUM(IF(INDEX(_xlfn._xlws.FILTER(#REF!, tblPiNAnalysis[Population Group]=E$5), 0, MATCH(_xlfn.CONCAT($Q$2, "%"), #REF!, 0))=$A42, 1, 0))=0, "",SUM(IF(INDEX(_xlfn._xlws.FILTER(#REF!, tblPiNAnalysis[Population Group]=E$5), 0, MATCH(_xlfn.CONCAT($Q$2, "%"), #REF!, 0))=$A42, 1, 0)))), "")} | F42: {=IFERROR(IF(OR($A42="", F$5=""), "", IF(SUM(IF(INDEX(_xlfn._xlws.FILTER(#REF!, tblPiNAnalysis[CCCM]=F$5), 0, MATCH(_xlfn.CONCAT($Q$2, "%"), #REF!, 0))=$A42, 1, 0))=0, "",SUM(IF(INDEX(_xlfn._xlws.FILTER(#REF!, tblPiNAnalysis[CCCM]=F$5), 0, MATCH(_xlfn.CONCAT($Q$2, "%"), #REF!, 0))=$A42, 1, 0)))), "")} | I42: {=IF($H42="", "", IF($H42=2, SUM(IF(INDEX(_xlfn._xlws.FILTER(#REF!,#REF!= I$5), 0, MATCH($Q$2,#REF!, 0))>1.9, 1, 0)), IF(SUM(IF(INDEX(_xlfn._xlws.FILTER(#REF!,#REF!= I$5), 0, MATCH($Q$2,#REF!, 0))=$H42, 1, 0))=0, "", SUM(IF(INDEX(_xlfn._xlws.FILTER(#REF!,#REF!= I$5), 0, MATCH($Q$2,#REF!, 0))=$H42, 1, 0)))))} | J42: {=IFERROR(IF(OR($H42="", J41=""), "", IF($H42=2, SUM(IF(INDEX(_xlfn._xlws.FILTER(#REF!,#REF!= J$5), 0, MATCH($Q$2,#REF!, 0))>1.9, 1, 0)), IF(SUM(IF(INDEX(_xlfn._xlws.FILTER(#REF!,#REF!= J$5), 0, MATCH($Q$2,#REF!, 0))=$H42, 1, 0))=0, "", SUM(IF(INDEX(_xlfn._xlws.FILTER(#REF!,#REF!= J$5), 0, MATCH($Q$2,#REF!, 0))=$H42, 1, 0))))), "")} | K42: {=IFERROR(IF(OR($H42="", K41=""), "", IF($H42=2, SUM(IF(INDEX(_xlfn._xlws.FILTER(#REF!,#REF!= K$5), 0, MATCH($Q$2,#REF!, 0))>1.9, 1, 0)), IF(SUM(IF(INDEX(_xlfn._xlws.FILTER(#REF!,#REF!= K$5), 0, MATCH($Q$2,#REF!, 0))=$H42, 1, 0))=0, "", SUM(IF(INDEX(_xlfn._xlws.FILTER(#REF!,#REF!= K$5), 0, MATCH($Q$2,#REF!, 0))=$H42, 1, 0))))), "")} | L42: {=IFERROR(IF(OR($H42="", L41=""), "", IF($H42=2, SUM(IF(INDEX(_xlfn._xlws.FILTER(#REF!,#REF!= L$5), 0, MATCH($Q$2,#REF!, 0))>1.9, 1, 0)), IF(SUM(IF(INDEX(_xlfn._xlws.FILTER(#REF!,#REF!= L$5), 0, MATCH($Q$2,#REF!, 0))=$H42, 1, 0))=0, "", SUM(IF(INDEX(_xlfn._xlws.FILTER(#REF!,#REF!= L$5), 0, MATCH($Q$2,#REF!, 0))=$H42, 1, 0))))), "")} | M42: {=IFERROR(IF(OR($H42="", M41=""), "", IF($H42=2, SUM(IF(INDEX(_xlfn._xlws.FILTER(#REF!,#REF!= M$5), 0, MATCH($Q$2,#REF!, 0))>1.9, 1, 0)), IF(SUM(IF(INDEX(_xlfn._xlws.FILTER(#REF!,#REF!= M$5), 0, MATCH($Q$2,#REF!, 0))=$H42, 1, 0))=0, "", SUM(IF(INDEX(_xlfn._xlws.FILTER(#REF!,#REF!= M$5), 0, MATCH($Q$2,#REF!, 0))=$H42, 1, 0))))), "")}
B43: {=IF($A43="", "", IF(SUM(IF(INDEX(_xlfn._xlws.FILTER(#REF!, tblPiNAnalysis[Population Group]=B$5), 0, MATCH(_xlfn.CONCAT($Q$2, "%"), #REF!, 0))=$A43, 1, 0))=0, "",SUM(IF(INDEX(_xlfn._xlws.FILTER(#REF!, tblPiNAnalysis[Population Group]=B$5), 0, MATCH(_xlfn.CONCAT($Q$2, "%"), #REF!, 0))=$A43, 1, 0))))} | C43: {=IFERROR(IF(OR($A43="", C$5=""), "", IF(SUM(IF(INDEX(_xlfn._xlws.FILTER(#REF!, tblPiNAnalysis[Population Group]=C$5), 0, MATCH(_xlfn.CONCAT($Q$2, "%"), #REF!, 0))=$A43, 1, 0))=0, "",SUM(IF(INDEX(_xlfn._xlws.FILTER(#REF!, tblPiNAnalysis[Population Group]=C$5), 0, MATCH(_xlfn.CONCAT($Q$2, "%"), #REF!, 0))=$A43, 1, 0)))), "")} | D43: {=IFERROR(IF(OR($A43="", D$5=""), "", IF(SUM(IF(INDEX(_xlfn._xlws.FILTER(#REF!, tblPiNAnalysis[Population Group]=D$5), 0, MATCH(_xlfn.CONCAT($Q$2, "%"), #REF!, 0))=$A43, 1, 0))=0, "",SUM(IF(INDEX(_xlfn._xlws.FILTER(#REF!, tblPiNAnalysis[Population Group]=D$5), 0, MATCH(_xlfn.CONCAT($Q$2, "%"), #REF!, 0))=$A43, 1, 0)))), "")} | E43: {=IFERROR(IF(OR($A43="", E$5=""), "", IF(SUM(IF(INDEX(_xlfn._xlws.FILTER(#REF!, tblPiNAnalysis[Population Group]=E$5), 0, MATCH(_xlfn.CONCAT($Q$2, "%"), #REF!, 0))=$A43, 1, 0))=0, "",SUM(IF(INDEX(_xlfn._xlws.FILTER(#REF!, tblPiNAnalysis[Population Group]=E$5), 0, MATCH(_xlfn.CONCAT($Q$2, "%"), #REF!, 0))=$A43, 1, 0)))), "")} | F43: {=IFERROR(IF(OR($A43="", F$5=""), "", IF(SUM(IF(INDEX(_xlfn._xlws.FILTER(#REF!, tblPiNAnalysis[CCCM]=F$5), 0, MATCH(_xlfn.CONCAT($Q$2, "%"), #REF!, 0))=$A43, 1, 0))=0, "",SUM(IF(INDEX(_xlfn._xlws.FILTER(#REF!, tblPiNAnalysis[CCCM]=F$5), 0, MATCH(_xlfn.CONCAT($Q$2, "%"), #REF!, 0))=$A43, 1, 0)))), "")} | I43: {=IF($H43="", "", IF($H43=2, SUM(IF(INDEX(_xlfn._xlws.FILTER(#REF!,#REF!= I$5), 0, MATCH($Q$2,#REF!, 0))>1.9, 1, 0)), IF(SUM(IF(INDEX(_xlfn._xlws.FILTER(#REF!,#REF!= I$5), 0, MATCH($Q$2,#REF!, 0))=$H43, 1, 0))=0, "", SUM(IF(INDEX(_xlfn._xlws.FILTER(#REF!,#REF!= I$5), 0, MATCH($Q$2,#REF!, 0))=$H43, 1, 0)))))} | J43: {=IFERROR(IF(OR($H43="", J42=""), "", IF($H43=2, SUM(IF(INDEX(_xlfn._xlws.FILTER(#REF!,#REF!= J$5), 0, MATCH($Q$2,#REF!, 0))>1.9, 1, 0)), IF(SUM(IF(INDEX(_xlfn._xlws.FILTER(#REF!,#REF!= J$5), 0, MATCH($Q$2,#REF!, 0))=$H43, 1, 0))=0, "", SUM(IF(INDEX(_xlfn._xlws.FILTER(#REF!,#REF!= J$5), 0, MATCH($Q$2,#REF!, 0))=$H43, 1, 0))))), "")} | K43: {=IFERROR(IF(OR($H43="", K42=""), "", IF($H43=2, SUM(IF(INDEX(_xlfn._xlws.FILTER(#REF!,#REF!= K$5), 0, MATCH($Q$2,#REF!, 0))>1.9, 1, 0)), IF(SUM(IF(INDEX(_xlfn._xlws.FILTER(#REF!,#REF!= K$5), 0, MATCH($Q$2,#REF!, 0))=$H43, 1, 0))=0, "", SUM(IF(INDEX(_xlfn._xlws.FILTER(#REF!,#REF!= K$5), 0, MATCH($Q$2,#REF!, 0))=$H43, 1, 0))))), "")} | L43: {=IFERROR(IF(OR($H43="", L42=""), "", IF($H43=2, SUM(IF(INDEX(_xlfn._xlws.FILTER(#REF!,#REF!= L$5), 0, MATCH($Q$2,#REF!, 0))>1.9, 1, 0)), IF(SUM(IF(INDEX(_xlfn._xlws.FILTER(#REF!,#REF!= L$5), 0, MATCH($Q$2,#REF!, 0))=$H43, 1, 0))=0, "", SUM(IF(INDEX(_xlfn._xlws.FILTER(#REF!,#REF!= L$5), 0, MATCH($Q$2,#REF!, 0))=$H43, 1, 0))))), "")} | M43: {=IFERROR(IF(OR($H43="", M42=""), "", IF($H43=2, SUM(IF(INDEX(_xlfn._xlws.FILTER(#REF!,#REF!= M$5), 0, MATCH($Q$2,#REF!, 0))>1.9, 1, 0)), IF(SUM(IF(INDEX(_xlfn._xlws.FILTER(#REF!,#REF!= M$5), 0, MATCH($Q$2,#REF!, 0))=$H43, 1, 0))=0, "", SUM(IF(INDEX(_xlfn._xlws.FILTER(#REF!,#REF!= M$5), 0, MATCH($Q$2,#REF!, 0))=$H43, 1, 0))))), "")}
B44: {=IF($A44="", "", IF(SUM(IF(INDEX(_xlfn._xlws.FILTER(#REF!, tblPiNAnalysis[Population Group]=B$5), 0, MATCH(_xlfn.CONCAT($Q$2, "%"), #REF!, 0))=$A44, 1, 0))=0, "",SUM(IF(INDEX(_xlfn._xlws.FILTER(#REF!, tblPiNAnalysis[Population Group]=B$5), 0, MATCH(_xlfn.CONCAT($Q$2, "%"), #REF!, 0))=$A44, 1, 0))))} | C44: {=IFERROR(IF(OR($A44="", C$5=""), "", IF(SUM(IF(INDEX(_xlfn._xlws.FILTER(#REF!, tblPiNAnalysis[Population Group]=C$5), 0, MATCH(_xlfn.CONCAT($Q$2, "%"), #REF!, 0))=$A44, 1, 0))=0, "",SUM(IF(INDEX(_xlfn._xlws.FILTER(#REF!, tblPiNAnalysis[Population Group]=C$5), 0, MATCH(_xlfn.CONCAT($Q$2, "%"), #REF!, 0))=$A44, 1, 0)))), "")} | D44: {=IFERROR(IF(OR($A44="", D$5=""), "", IF(SUM(IF(INDEX(_xlfn._xlws.FILTER(#REF!, tblPiNAnalysis[Population Group]=D$5), 0, MATCH(_xlfn.CONCAT($Q$2, "%"), #REF!, 0))=$A44, 1, 0))=0, "",SUM(IF(INDEX(_xlfn._xlws.FILTER(#REF!, tblPiNAnalysis[Population Group]=D$5), 0, MATCH(_xlfn.CONCAT($Q$2, "%"), #REF!, 0))=$A44, 1, 0)))), "")} | E44: {=IFERROR(IF(OR($A44="", E$5=""), "", IF(SUM(IF(INDEX(_xlfn._xlws.FILTER(#REF!, tblPiNAnalysis[Population Group]=E$5), 0, MATCH(_xlfn.CONCAT($Q$2, "%"), #REF!, 0))=$A44, 1, 0))=0, "",SUM(IF(INDEX(_xlfn._xlws.FILTER(#REF!, tblPiNAnalysis[Population Group]=E$5), 0, MATCH(_xlfn.CONCAT($Q$2, "%"), #REF!, 0))=$A44, 1, 0)))), "")} | F44: {=IFERROR(IF(OR($A44="", F$5=""), "", IF(SUM(IF(INDEX(_xlfn._xlws.FILTER(#REF!, tblPiNAnalysis[CCCM]=F$5), 0, MATCH(_xlfn.CONCAT($Q$2, "%"), #REF!, 0))=$A44, 1, 0))=0, "",SUM(IF(INDEX(_xlfn._xlws.FILTER(#REF!, tblPiNAnalysis[CCCM]=F$5), 0, MATCH(_xlfn.CONCAT($Q$2, "%"), #REF!, 0))=$A44, 1, 0)))), "")} | I44: {=IF($H44="", "", IF($H44=2, SUM(IF(INDEX(_xlfn._xlws.FILTER(#REF!,#REF!= I$5), 0, MATCH($Q$2,#REF!, 0))>1.9, 1, 0)), IF(SUM(IF(INDEX(_xlfn._xlws.FILTER(#REF!,#REF!= I$5), 0, MATCH($Q$2,#REF!, 0))=$H44, 1, 0))=0, "", SUM(IF(INDEX(_xlfn._xlws.FILTER(#REF!,#REF!= I$5), 0, MATCH($Q$2,#REF!, 0))=$H44, 1, 0)))))} | J44: {=IFERROR(IF(OR($H44="", J43=""), "", IF($H44=2, SUM(IF(INDEX(_xlfn._xlws.FILTER(#REF!,#REF!= J$5), 0, MATCH($Q$2,#REF!, 0))>1.9, 1, 0)), IF(SUM(IF(INDEX(_xlfn._xlws.FILTER(#REF!,#REF!= J$5), 0, MATCH($Q$2,#REF!, 0))=$H44, 1, 0))=0, "", SUM(IF(INDEX(_xlfn._xlws.FILTER(#REF!,#REF!= J$5), 0, MATCH($Q$2,#REF!, 0))=$H44, 1, 0))))), "")} | K44: {=IFERROR(IF(OR($H44="", K43=""), "", IF($H44=2, SUM(IF(INDEX(_xlfn._xlws.FILTER(#REF!,#REF!= K$5), 0, MATCH($Q$2,#REF!, 0))>1.9, 1, 0)), IF(SUM(IF(INDEX(_xlfn._xlws.FILTER(#REF!,#REF!= K$5), 0, MATCH($Q$2,#REF!, 0))=$H44, 1, 0))=0, "", SUM(IF(INDEX(_xlfn._xlws.FILTER(#REF!,#REF!= K$5), 0, MATCH($Q$2,#REF!, 0))=$H44, 1, 0))))), "")} | L44: {=IFERROR(IF(OR($H44="", L43=""), "", IF($H44=2, SUM(IF(INDEX(_xlfn._xlws.FILTER(#REF!,#REF!= L$5), 0, MATCH($Q$2,#REF!, 0))>1.9, 1, 0)), IF(SUM(IF(INDEX(_xlfn._xlws.FILTER(#REF!,#REF!= L$5), 0, MATCH($Q$2,#REF!, 0))=$H44, 1, 0))=0, "", SUM(IF(INDEX(_xlfn._xlws.FILTER(#REF!,#REF!= L$5), 0, MATCH($Q$2,#REF!, 0))=$H44, 1, 0))))), "")} | M44: {=IFERROR(IF(OR($H44="", M43=""), "", IF($H44=2, SUM(IF(INDEX(_xlfn._xlws.FILTER(#REF!,#REF!= M$5), 0, MATCH($Q$2,#REF!, 0))>1.9, 1, 0)), IF(SUM(IF(INDEX(_xlfn._xlws.FILTER(#REF!,#REF!= M$5), 0, MATCH($Q$2,#REF!, 0))=$H44, 1, 0))=0, "", SUM(IF(INDEX(_xlfn._xlws.FILTER(#REF!,#REF!= M$5), 0, MATCH($Q$2,#REF!, 0))=$H44, 1, 0))))), "")}
B45: {=IF($A45="", "", IF(SUM(IF(INDEX(_xlfn._xlws.FILTER(#REF!, tblPiNAnalysis[Population Group]=B$5), 0, MATCH(_xlfn.CONCAT($Q$2, "%"), #REF!, 0))=$A45, 1, 0))=0, "",SUM(IF(INDEX(_xlfn._xlws.FILTER(#REF!, tblPiNAnalysis[Population Group]=B$5), 0, MATCH(_xlfn.CONCAT($Q$2, "%"), #REF!, 0))=$A45, 1, 0))))} | C45: {=IFERROR(IF(OR($A45="", C$5=""), "", IF(SUM(IF(INDEX(_xlfn._xlws.FILTER(#REF!, tblPiNAnalysis[Population Group]=C$5), 0, MATCH(_xlfn.CONCAT($Q$2, "%"), #REF!, 0))=$A45, 1, 0))=0, "",SUM(IF(INDEX(_xlfn._xlws.FILTER(#REF!, tblPiNAnalysis[Population Group]=C$5), 0, MATCH(_xlfn.CONCAT($Q$2, "%"), #REF!, 0))=$A45, 1, 0)))), "")} | D45: {=IFERROR(IF(OR($A45="", D$5=""), "", IF(SUM(IF(INDEX(_xlfn._xlws.FILTER(#REF!, tblPiNAnalysis[Population Group]=D$5), 0, MATCH(_xlfn.CONCAT($Q$2, "%"), #REF!, 0))=$A45, 1, 0))=0, "",SUM(IF(INDEX(_xlfn._xlws.FILTER(#REF!, tblPiNAnalysis[Population Group]=D$5), 0, MATCH(_xlfn.CONCAT($Q$2, "%"), #REF!, 0))=$A45, 1, 0)))), "")} | E45: {=IFERROR(IF(OR($A45="", E$5=""), "", IF(SUM(IF(INDEX(_xlfn._xlws.FILTER(#REF!, tblPiNAnalysis[Population Group]=E$5), 0, MATCH(_xlfn.CONCAT($Q$2, "%"), #REF!, 0))=$A45, 1, 0))=0, "",SUM(IF(INDEX(_xlfn._xlws.FILTER(#REF!, tblPiNAnalysis[Population Group]=E$5), 0, MATCH(_xlfn.CONCAT($Q$2, "%"), #REF!, 0))=$A45, 1, 0)))), "")} | F45: {=IFERROR(IF(OR($A45="", F$5=""), "", IF(SUM(IF(INDEX(_xlfn._xlws.FILTER(#REF!, tblPiNAnalysis[CCCM]=F$5), 0, MATCH(_xlfn.CONCAT($Q$2, "%"), #REF!, 0))=$A45, 1, 0))=0, "",SUM(IF(INDEX(_xlfn._xlws.FILTER(#REF!, tblPiNAnalysis[CCCM]=F$5), 0, MATCH(_xlfn.CONCAT($Q$2, "%"), #REF!, 0))=$A45, 1, 0)))), "")} | I45: {=IF($H45="", "", IF($H45=2, SUM(IF(INDEX(_xlfn._xlws.FILTER(#REF!,#REF!= I$5), 0, MATCH($Q$2,#REF!, 0))>1.9, 1, 0)), IF(SUM(IF(INDEX(_xlfn._xlws.FILTER(#REF!,#REF!= I$5), 0, MATCH($Q$2,#REF!, 0))=$H45, 1, 0))=0, "", SUM(IF(INDEX(_xlfn._xlws.FILTER(#REF!,#REF!= I$5), 0, MATCH($Q$2,#REF!, 0))=$H45, 1, 0)))))} | J45: {=IFERROR(IF(OR($H45="", J44=""), "", IF($H45=2, SUM(IF(INDEX(_xlfn._xlws.FILTER(#REF!,#REF!= J$5), 0, MATCH($Q$2,#REF!, 0))>1.9, 1, 0)), IF(SUM(IF(INDEX(_xlfn._xlws.FILTER(#REF!,#REF!= J$5), 0, MATCH($Q$2,#REF!, 0))=$H45, 1, 0))=0, "", SUM(IF(INDEX(_xlfn._xlws.FILTER(#REF!,#REF!= J$5), 0, MATCH($Q$2,#REF!, 0))=$H45, 1, 0))))), "")} | K45: {=IFERROR(IF(OR($H45="", K44=""), "", IF($H45=2, SUM(IF(INDEX(_xlfn._xlws.FILTER(#REF!,#REF!= K$5), 0, MATCH($Q$2,#REF!, 0))>1.9, 1, 0)), IF(SUM(IF(INDEX(_xlfn._xlws.FILTER(#REF!,#REF!= K$5), 0, MATCH($Q$2,#REF!, 0))=$H45, 1, 0))=0, "", SUM(IF(INDEX(_xlfn._xlws.FILTER(#REF!,#REF!= K$5), 0, MATCH($Q$2,#REF!, 0))=$H45, 1, 0))))), "")} | L45: {=IFERROR(IF(OR($H45="", L44=""), "", IF($H45=2, SUM(IF(INDEX(_xlfn._xlws.FILTER(#REF!,#REF!= L$5), 0, MATCH($Q$2,#REF!, 0))>1.9, 1, 0)), IF(SUM(IF(INDEX(_xlfn._xlws.FILTER(#REF!,#REF!= L$5), 0, MATCH($Q$2,#REF!, 0))=$H45, 1, 0))=0, "", SUM(IF(INDEX(_xlfn._xlws.FILTER(#REF!,#REF!= L$5), 0, MATCH($Q$2,#REF!, 0))=$H45, 1, 0))))), "")} | M45: {=IFERROR(IF(OR($H45="", M44=""), "", IF($H45=2, SUM(IF(INDEX(_xlfn._xlws.FILTER(#REF!,#REF!= M$5), 0, MATCH($Q$2,#REF!, 0))>1.9, 1, 0)), IF(SUM(IF(INDEX(_xlfn._xlws.FILTER(#REF!,#REF!= M$5), 0, MATCH($Q$2,#REF!, 0))=$H45, 1, 0))=0, "", SUM(IF(INDEX(_xlfn._xlws.FILTER(#REF!,#REF!= M$5), 0, MATCH($Q$2,#REF!, 0))=$H45, 1, 0))))), "")}
B46: {=IF($A46="", "", IF(SUM(IF(INDEX(_xlfn._xlws.FILTER(#REF!, tblPiNAnalysis[Population Group]=B$5), 0, MATCH(_xlfn.CONCAT($Q$2, "%"), #REF!, 0))=$A46, 1, 0))=0, "",SUM(IF(INDEX(_xlfn._xlws.FILTER(#REF!, tblPiNAnalysis[Population Group]=B$5), 0, MATCH(_xlfn.CONCAT($Q$2, "%"), #REF!, 0))=$A46, 1, 0))))} | C46: {=IFERROR(IF(OR($A46="", C$5=""), "", IF(SUM(IF(INDEX(_xlfn._xlws.FILTER(#REF!, tblPiNAnalysis[Population Group]=C$5), 0, MATCH(_xlfn.CONCAT($Q$2, "%"), #REF!, 0))=$A46, 1, 0))=0, "",SUM(IF(INDEX(_xlfn._xlws.FILTER(#REF!, tblPiNAnalysis[Population Group]=C$5), 0, MATCH(_xlfn.CONCAT($Q$2, "%"), #REF!, 0))=$A46, 1, 0)))), "")} | D46: {=IFERROR(IF(OR($A46="", D$5=""), "", IF(SUM(IF(INDEX(_xlfn._xlws.FILTER(#REF!, tblPiNAnalysis[Population Group]=D$5), 0, MATCH(_xlfn.CONCAT($Q$2, "%"), #REF!, 0))=$A46, 1, 0))=0, "",SUM(IF(INDEX(_xlfn._xlws.FILTER(#REF!, tblPiNAnalysis[Population Group]=D$5), 0, MATCH(_xlfn.CONCAT($Q$2, "%"), #REF!, 0))=$A46, 1, 0)))), "")} | E46: {=IFERROR(IF(OR($A46="", E$5=""), "", IF(SUM(IF(INDEX(_xlfn._xlws.FILTER(#REF!, tblPiNAnalysis[Population Group]=E$5), 0, MATCH(_xlfn.CONCAT($Q$2, "%"), #REF!, 0))=$A46, 1, 0))=0, "",SUM(IF(INDEX(_xlfn._xlws.FILTER(#REF!, tblPiNAnalysis[Population Group]=E$5), 0, MATCH(_xlfn.CONCAT($Q$2, "%"), #REF!, 0))=$A46, 1, 0)))), "")} | F46: {=IFERROR(IF(OR($A46="", F$5=""), "", IF(SUM(IF(INDEX(_xlfn._xlws.FILTER(#REF!, tblPiNAnalysis[CCCM]=F$5), 0, MATCH(_xlfn.CONCAT($Q$2, "%"), #REF!, 0))=$A46, 1, 0))=0, "",SUM(IF(INDEX(_xlfn._xlws.FILTER(#REF!, tblPiNAnalysis[CCCM]=F$5), 0, MATCH(_xlfn.CONCAT($Q$2, "%"), #REF!, 0))=$A46, 1, 0)))), "")} | I46: {=IF($H46="", "", IF($H46=2, SUM(IF(INDEX(_xlfn._xlws.FILTER(#REF!,#REF!= I$5), 0, MATCH($Q$2,#REF!, 0))>1.9, 1, 0)), IF(SUM(IF(INDEX(_xlfn._xlws.FILTER(#REF!,#REF!= I$5), 0, MATCH($Q$2,#REF!, 0))=$H46, 1, 0))=0, "", SUM(IF(INDEX(_xlfn._xlws.FILTER(#REF!,#REF!= I$5), 0, MATCH($Q$2,#REF!, 0))=$H46, 1, 0)))))} | J46: {=IFERROR(IF(OR($H46="", J45=""), "", IF($H46=2, SUM(IF(INDEX(_xlfn._xlws.FILTER(#REF!,#REF!= J$5), 0, MATCH($Q$2,#REF!, 0))>1.9, 1, 0)), IF(SUM(IF(INDEX(_xlfn._xlws.FILTER(#REF!,#REF!= J$5), 0, MATCH($Q$2,#REF!, 0))=$H46, 1, 0))=0, "", SUM(IF(INDEX(_xlfn._xlws.FILTER(#REF!,#REF!= J$5), 0, MATCH($Q$2,#REF!, 0))=$H46, 1, 0))))), "")} | K46: {=IFERROR(IF(OR($H46="", K45=""), "", IF($H46=2, SUM(IF(INDEX(_xlfn._xlws.FILTER(#REF!,#REF!= K$5), 0, MATCH($Q$2,#REF!, 0))>1.9, 1, 0)), IF(SUM(IF(INDEX(_xlfn._xlws.FILTER(#REF!,#REF!= K$5), 0, MATCH($Q$2,#REF!, 0))=$H46, 1, 0))=0, "", SUM(IF(INDEX(_xlfn._xlws.FILTER(#REF!,#REF!= K$5), 0, MATCH($Q$2,#REF!, 0))=$H46, 1, 0))))), "")} | L46: {=IFERROR(IF(OR($H46="", L45=""), "", IF($H46=2, SUM(IF(INDEX(_xlfn._xlws.FILTER(#REF!,#REF!= L$5), 0, MATCH($Q$2,#REF!, 0))>1.9, 1, 0)), IF(SUM(IF(INDEX(_xlfn._xlws.FILTER(#REF!,#REF!= L$5), 0, MATCH($Q$2,#REF!, 0))=$H46, 1, 0))=0, "", SUM(IF(INDEX(_xlfn._xlws.FILTER(#REF!,#REF!= L$5), 0, MATCH($Q$2,#REF!, 0))=$H46, 1, 0))))), "")} | M46: {=IFERROR(IF(OR($H46="", M45=""), "", IF($H46=2, SUM(IF(INDEX(_xlfn._xlws.FILTER(#REF!,#REF!= M$5), 0, MATCH($Q$2,#REF!, 0))>1.9, 1, 0)), IF(SUM(IF(INDEX(_xlfn._xlws.FILTER(#REF!,#REF!= M$5), 0, MATCH($Q$2,#REF!, 0))=$H46, 1, 0))=0, "", SUM(IF(INDEX(_xlfn._xlws.FILTER(#REF!,#REF!= M$5), 0, MATCH($Q$2,#REF!, 0))=$H46, 1, 0))))), "")}
... B77: {=IF($A77="", "", IF(SUM(IF(INDEX(_xlfn._xlws.FILTER(#REF!, tblPiNAnalysis[Population Group]=B$5), 0, MATCH(_xlfn.CONCAT($Q$2, "%"), #REF!, 0))=$A77, 1, 0))=0, "",SUM(IF(INDEX(_xlfn._xlws.FILTER(#REF!, tblPiNAnalysis[Population Group]=B$5), 0, MATCH(_xlfn.CONCAT($Q$2, "%"), #REF!, 0))=$A77, 1, 0))))} | C77: {=IFERROR(IF(OR($A77="", C$5=""), "", IF(SUM(IF(INDEX(_xlfn._xlws.FILTER(#REF!, tblPiNAnalysis[Population Group]=C$5), 0, MATCH(_xlfn.CONCAT($Q$2, "%"), #REF!, 0))=$A77, 1, 0))=0, "",SUM(IF(INDEX(_xlfn._xlws.FILTER(#REF!, tblPiNAnalysis[Population Group]=C$5), 0, MATCH(_xlfn.CONCAT($Q$2, "%"), #REF!, 0))=$A77, 1, 0)))), "")} | D77: {=IFERROR(IF(OR($A77="", D$5=""), "", IF(SUM(IF(INDEX(_xlfn._xlws.FILTER(#REF!, tblPiNAnalysis[Population Group]=D$5), 0, MATCH(_xlfn.CONCAT($Q$2, "%"), #REF!, 0))=$A77, 1, 0))=0, "",SUM(IF(INDEX(_xlfn._xlws.FILTER(#REF!, tblPiNAnalysis[Population Group]=D$5), 0, MATCH(_xlfn.CONCAT($Q$2, "%"), #REF!, 0))=$A77, 1, 0)))), "")} | E77: {=IFERROR(IF(OR($A77="", E$5=""), "", IF(SUM(IF(INDEX(_xlfn._xlws.FILTER(#REF!, tblPiNAnalysis[Population Group]=E$5), 0, MATCH(_xlfn.CONCAT($Q$2, "%"), #REF!, 0))=$A77, 1, 0))=0, "",SUM(IF(INDEX(_xlfn._xlws.FILTER(#REF!, tblPiNAnalysis[Population Group]=E$5), 0, MATCH(_xlfn.CONCAT($Q$2, "%"), #REF!, 0))=$A77, 1, 0)))), "")} | F77: {=IFERROR(IF(OR($A77="", F$5=""), "", IF(SUM(IF(INDEX(_xlfn._xlws.FILTER(#REF!, tblPiNAnalysis[CCCM]=F$5), 0, MATCH(_xlfn.CONCAT($Q$2, "%"), #REF!, 0))=$A77, 1, 0))=0, "",SUM(IF(INDEX(_xlfn._xlws.FILTER(#REF!, tblPiNAnalysis[CCCM]=F$5), 0, MATCH(_xlfn.CONCAT($Q$2, "%"), #REF!, 0))=$A77, 1, 0)))), "")} | I77: {=IF($H77="", "", IF($H77=2, SUM(IF(INDEX(_xlfn._xlws.FILTER(#REF!,#REF!= I$5), 0, MATCH($Q$2,#REF!, 0))>1.9, 1, 0)), IF(SUM(IF(INDEX(_xlfn._xlws.FILTER(#REF!,#REF!= I$5), 0, MATCH($Q$2,#REF!, 0))=$H77, 1, 0))=0, "", SUM(IF(INDEX(_xlfn._xlws.FILTER(#REF!,#REF!= I$5), 0, MATCH($Q$2,#REF!, 0))=$H77, 1, 0)))))} | J77: {=IFERROR(IF(OR($H77="", J76=""), "", IF($H77=2, SUM(IF(INDEX(_xlfn._xlws.FILTER(#REF!,#REF!= J$5), 0, MATCH($Q$2,#REF!, 0))>1.9, 1, 0)), IF(SUM(IF(INDEX(_xlfn._xlws.FILTER(#REF!,#REF!= J$5), 0, MATCH($Q$2,#REF!, 0))=$H77, 1, 0))=0, "", SUM(IF(INDEX(_xlfn._xlws.FILTER(#REF!,#REF!= J$5), 0, MATCH($Q$2,#REF!, 0))=$H77, 1, 0))))), "")} | K77: {=IFERROR(IF(OR($H77="", K76=""), "", IF($H77=2, SUM(IF(INDEX(_xlfn._xlws.FILTER(#REF!,#REF!= K$5), 0, MATCH($Q$2,#REF!, 0))>1.9, 1, 0)), IF(SUM(IF(INDEX(_xlfn._xlws.FILTER(#REF!,#REF!= K$5), 0, MATCH($Q$2,#REF!, 0))=$H77, 1, 0))=0, "", SUM(IF(INDEX(_xlfn._xlws.FILTER(#REF!,#REF!= K$5), 0, MATCH($Q$2,#REF!, 0))=$H77, 1, 0))))), "")} | L77: {=IFERROR(IF(OR($H77="", L76=""), "", IF($H77=2, SUM(IF(INDEX(_xlfn._xlws.FILTER(#REF!,#REF!= L$5), 0, MATCH($Q$2,#REF!, 0))>1.9, 1, 0)), IF(SUM(IF(INDEX(_xlfn._xlws.FILTER(#REF!,#REF!= L$5), 0, MATCH($Q$2,#REF!, 0))=$H77, 1, 0))=0, "", SUM(IF(INDEX(_xlfn._xlws.FILTER(#REF!,#REF!= L$5), 0, MATCH($Q$2,#REF!, 0))=$H77, 1, 0))))), "")} | M77: {=IFERROR(IF(OR($H77="", M76=""), "", IF($H77=2, SUM(IF(INDEX(_xlfn._xlws.FILTER(#REF!,#REF!= M$5), 0, MATCH($Q$2,#REF!, 0))>1.9, 1, 0)), IF(SUM(IF(INDEX(_xlfn._xlws.FILTER(#REF!,#REF!= M$5), 0, MATCH($Q$2,#REF!, 0))=$H77, 1, 0))=0, "", SUM(IF(INDEX(_xlfn._xlws.FILTER(#REF!,#REF!= M$5), 0, MATCH($Q$2,#REF!, 0))=$H77, 1, 0))))), "")}

Sheet WS - 3.2 Intersectoral Severity
G1: Sectoral Severity | Q1: Humanitarian Conditions/Outcomes
A2: Location | E2: Populaton | Q2: Life Threatening | T2: Irreversible Harm | V2: Final Results
A3: Admin 1 | B3: Admin 1 P-Code | C3: Admin 2 | D3: Admin 2 P-Code | E3: Population | F3: Population Group | G3: CCCM | H3: Education | I3: Early Recovery | J3: Food Security | K3: Health | L3: Nutrition | M3: Overarching Protection | N3: Shelter | O3: WASH | P3: Preliminary Intersectoral Severity based on overlap of sectoral deprivations | Q3: Mortality | R3: Malnutrition | S3: Epidemics | T3: Livelihood Coping | U3: HR/IHL Violation | V3: Final Severity | W3: Evidence & Comments
A4: Adamawa | B4: NG002 | C4: Demsa | D4: NG002001 | E4: 285016 | G4: 2.3333333 | H4: 3 | I4: 0 | J4: 3 | K4: 3 | L4: 2 | M4: 3 | N4: 4 | O4: 4 | P4: 3 | V4: 3
A5: Adamawa | B5: NG002 | C5: Fufore | D5: NG002002 | E5: 443009 | G5: 2 | H5: 3 | I5: 0 | J5: 3 | K5: 2 | L5: 2 | M5: 2 | N5: 3 | O5: 2 | P5: 2 | V5: 2
A6: Adamawa | B6: NG002 | C6: Ganye | D6: NG002003 | E6: 310190 | G6: 2 | H6: 2 | I6: 0 | J6: 3 | K6: 2 | L6: 2 | M6: 2 | N6: 4 | O6: 1 | P6: 2 | V6: 2
A7: Adamawa | B7: NG002 | C7: Girei | D7: NG002004 | E7: 250604 | G7: 2 | H7: 2 | I7: 0 | J7: 3 | K7: 2 | L7: 2 | M7: 3 | N7: 3 | O7: 3 | P7: 3 | V7: 3
A8: Adamawa | B8: NG002 | C8: Gombi | D8: NG002005 | E8: 290858 | G8: 2 | H8: 3 | I8: 0 | J8: 3 | K8: 3 | L8: 2 | M8: 2 | N8: 4 | O8: 3 | P8: 3 | V8: 3
A9: Adamawa | B9: NG002 | C9: Guyuk | D9: NG002006 | E9: 251727 | G9: 2.3333333 | H9: 2 | I9: 0 | J9: 3 | K9: 3 | L9: 2 | M9: 3 | N9: 4 | O9: 3 | P9: 3 | V9: 3
A10: Adamawa | B10: NG002 | C10: Hong | D10: NG002007 | E10: 304190 | G10: 2.6666667 | H10: 2 | I10: 0 | J10: 3 | K10: 2 | L10: 2 | M10: 2 | N10: 4 | O10: 1 | P10: 2 | V10: 2
A11: Adamawa | B11: NG002 | C11: Jada | D11: NG002008 | E11: 315353 | G11: 2 | H11: 2 | I11: 0 | J11: 3 | K11: 2 | L11: 2 | M11: 2 | N11: 4 | O11: 1 | P11: 2 | V11: 2
A12: Adamawa | B12: NG002 | C12: Lamurde | D12: NG002009 | E12: 197983 | G12: 2.6666667 | H12: 3 | I12: 0 | J12: 3 | K12: 2 | L12: 2 | M12: 2 | N12: 4 | O12: 1 | P12: 2 | V12: 2
A13: Adamawa | B13: NG002 | C13: Madagali | D13: NG002010 | E13: 245471 | G13: 2 | H13: 3 | I13: 0 | J13: 3 | K13: 2 | L13: 2 | M13: 4 | N13: 4 | O13: 4 | P13: 3 | V13: 3
A14: Adamawa | B14: NG002 | C14: Maiha | D14: NG002011 | E14: 188095 | G14: 2.6666667 | H14: 2 | I14: 0 | J14: 3 | K14: 2 | L14: 2 | M14: 3 | N14: 4 | O14: 1 | P14: 2 | V14: 2
A15: Adamawa | B15: NG002 | C15: Mayo-Belwa | D15: NG002012 | E15: 313081 | G15: 2.6666667 | H15: 2 | I15: 0 | J15: 3 | K15: 3 | L15: 2 | M15: 2 | N15: 3 | O15: 1 | P15: 2 | V15: 2
... A24: Adamawa | B24: NG002 | C24: Yola South | D24: NG002021 | E24: 570233 | G24: 2.6666667 | H24: 3 | I24: 0 | J24: 2 | K24: 2 | L24: 2 | M24: 3 | N24: 4 | O24: 2 | P24: 2 | V24: 2
A25: Borno | B25: NG008 | C25: Abadam | D25: NG008001 | E25: 80385 | G25: 0 | H25: 3 | I25: 0 | K25: 3 | L25: 1 | M25: 3 | N25: 1 | O25: 1 | P25: 2 | V25: 2
A26: Borno | B26: NG008 | C26: Askira/Uba | D26: NG008002 | E26: 245197 | G26: 2 | H26: 2 | I26: 0 | J26: 2 | K26: 3 | L26: 2 | M26: 3 | N26: 4 | O26: 1 | P26: 2 | V26: 2
A27: Borno | B27: NG008 | C27: Bama | D27: NG008003 | E27: 233112 | G27: 2.3333333 | H27: 4 | I27: 0 | J27: 3 | K27: 3 | L27: 3 | M27: 4 | N27: 3 | O27: 4 | P27: 3 | V27: 3
A28: Borno | B28: NG008 | C28: Bayo | D28: NG008004 | E28: 234872 | G28: 1.6666667 | H28: 2 | I28: 0 | J28: 3 | K28: 2 | L28: 3 | M28: 2 | N28: 4 | O28: 1 | P28: 2 | V28: 2
A29: Borno | B29: NG008 | C29: Biu | D29: NG008005 | E29: 450926 | G29: 2 | H29: 2 | I29: 0 | J29: 3 | K29: 2 | L29: 3 | M29: 3 | N29: 4 | O29: 3 | P29: 3 | V29: 3
A30: Borno | B30: NG008 | C30: Chibok | D30: NG008006 | E30: 110736 | G30: 2 | H30: 3 | I30: 0 | J30: 3 | K30: 3 | L30: 3 | M30: 2 | N30: 4 | O30: 1 | P30: 3 | V30: 3
A31: Borno | B31: NG008 | C31: Damboa | D31: NG008007 | E31: 176533 | G31: 2.3333333 | H31: 4 | I31: 0 | J31: 3 | K31: 3 | L31: 4 | M31: 4 | N31: 4 | O31: 3 | P31: 4 | V31: 3
A32: Borno | B32: NG008 | C32: Dikwa | D32: NG008008 | E32: 139920 | G32: 2.3333333 | H32: 3 | I32: 0 | J32: 4 | K32: 3 | L32: 3 | M32: 4 | N32: 4 | O32: 4 | P32: 4 | V32: 4
A33: Borno | B33: NG008 | C33: Gubio | D33: NG008009 | E33: 206460 | G33: 2 | H33: 2 | I33: 0 | J33: 3 | K33: 4 | L33: 4 | M33: 4 | N33: 4 | O33: 4 | P33: 4 | V33: 4
A34: Borno | B34: NG008 | C34: Guzamala | D34: NG008010 | E34: 62747 | G34: 0 | H34: 3 | I34: 0 | K34: 3 | L34: 1 | M34: 3 | N34: 4 | O34: 3 | P34: 3 | V34: 3
A35: Borno | B35: NG008 | C35: Gwoza | D35: NG008011 | E35: 267125 | G35: 2.3333333 | H35: 3 | I35: 0 | J35: 3 | K35: 3 | L35: 3 | M35: 4 | N35: 4 | O35: 3 | P35: 3 | V35: 3
A36: Borno | B36: NG008 | C36: Hawul | D36: NG008012 | E36: 253981 | G36: 2 | H36: 2 | I36: 0 | J36: 3 | K36: 2 | L36: 2 | M36: 2 | N36: 4 | O36: 4 | P36: 2 | V36: 2
A37: Borno | B37: NG008 | C37: Jere | D37: NG008013 | E37: 866216 | G37: 2.6666667 | H37: 3 | I37: 0 | J37: 3 | K37: 3 | L37: 4 | M37: 4 | N37: 4 | O37: 4 | P37: 4 | V37: 4
A38: Borno | B38: NG008 | C38: Kaga | D38: NG008014 | E38: 116624 | G38: 2.6666667 | H38: 2 | I38: 0 | J38: 4 | K38: 3 | L38: 4 | M38: 3 | N38: 4 | O38: 3 | P38: 3 | V38: 3
A39: Borno | B39: NG008 | C39: Kala/Balge | D39: NG008015 | E39: 40949 | G39: 2.3333333 | H39: 4 | I39: 0 | J39: 4 | K39: 3 | L39: 3 | M39: 2 | N39: 1 | O39: 3 | P39: 3 | V39: 3
A40: Borno | B40: NG008 | C40: Konduga | D40: NG008016 | E40: 270899 | G40: 2.6666667 | H40: 3 | I40: 0 | J40: 3 | K40: 3 | L40: 4 | M40: 4 | N40: 4 | O40: 4 | P40: 4 | V40: 4
A41: Borno | B41: NG008 | C41: Kukawa | D41: NG008017 | E41: 85387 | G41: 0 | H41: 3 | I41: 0 | K41: 3 | L41: 1 | M41: 4 | N41: 4 | O41: 3 | P41: 3 | V41: 3
A42: Borno | B42: NG008 | C42: Kwaya Kusar | D42: NG008018 | E42: 158091 | G42: 2 | H42: 2 | I42: 0 | J42: 3 | K42: 2 | L42: 2 | M42: 2 | N42: 4 | O42: 1 | P42: 2 | V42: 2
A43: Borno | B43: NG008 | C43: Mafa | D43: NG008019 | E43: 131460 | G43: 2.3333333 | H43: 3 | I43: 0 | J43: 3 | K43: 3 | L43: 4 | M43: 3 | N43: 4 | O43: 3 | P43: 3 | V43: 3
A44: Borno | B44: NG008 | C44: Magumeri | D44: NG008020 | E44: 176214 | G44: 1 | H44: 2 | I44: 0 | J44: 4 | K44: 4 | L44: 4 | M44: 3 | N44: 4 | O44: 4 | P44: 4 | V44: 4
A45: Borno | B45: NG008 | C45: Maiduguri | D45: NG008021 | E45: 1103204 | G45: 2.3333333 | H45: 4 | I45: 0 | J45: 3 | K45: 3 | L45: 4 | M45: 4 | N45: 4 | O45: 3 | P45: 4 | V45: 4
A46: Borno | B46: NG008 | C46: Marte | D46: NG008022 | E46: 30137 | G46: 0 | H46: 3 | I46: 0 | K46: 3 | L46: 4 | M46: 3 | N46: 1 | O46: 1 | P46: 3 | V46: 3
A47: Borno | B47: NG008 | C47: Mobbar | D47: NG008023 | E47: 228943 | G47: 2 | H47: 3 | I47: 0 | J47: 4 | K47: 4 | L47: 4 | M47: 4 | N47: 4 | O47: 3 | P47: 4 | V47: 4
A48: Borno | B48: NG008 | C48: Monguno | D48: NG008024 | E48: 216350 | G48: 2 | H48: 4 | I48: 0 | J48: 4 | K48: 3 | L48: 4 | M48: 4 | N48: 4 | O48: 3 | P48: 4 | V48: 4
A49: Borno | B49: NG008 | C49: Ngala | D49: NG008025 | E49: 223119 | G49: 2.3333333 | H49: 4 | I49: 0 | J49: 3 | K49: 4 | L49: 3 | M49: 4 | N49: 4 | O49: 3 | P49: 4 | V49: 4
A50: Borno | B50: NG008 | C50: Nganzai | D50: NG008026 | E50: 86859 | G50: 2 | H50: 3 | I50: 0 | J50: 3 | K50: 2 | L50: 3 | M50: 3 | N50: 4 | O50: 4 | P50: 3 | V50: 3
A51: Borno | B51: NG008 | C51: Shani | D51: NG008027 | E51: 285029 | G51: 2 | H51: 2 | I51: 0 | J51: 3 | K51: 2 | L51: 2 | M51: 2 | N51: 4 | O51: 3 | P51: 2 | V51: 2
A52: Yobe | B52: NG036 | C52: Bade | D52: NG036001 | E52: 261693 | G52: 2 | H52: 2 | I52: 0 | J52: 2 | K52: 3 | L52: 3 | M52: 4 | N52: 4 | O52: 3 | P52: 3 | V52: 3
A53: Yobe | B53: NG036 | C53: Bursari | D53: NG036002 | E53: 230780 | G53: 2 | H53: 3 | I53: 0 | J53: 3 | K53: 3 | L53: 3 | M53: 3 | N53: 4 | O53: 3 | P53: 3 | V53: 3
A54: Yobe | B54: NG036 | C54: Damaturu | D54: NG036003 | E54: 421155 | G54: 2 | H54: 2 | I54: 0 | J54: 2 | K54: 3 | L54: 4 | M54: 4 | N54: 4 | O54: 3 | P54: 3 | V54: 3
A55: Yobe | B55: NG036 | C55: Fika | D55: NG036004 | E55: 373708 | G55: 2 | H55: 3 | I55: 0 | J55: 3 | K55: 3 | L55: 3 | M55: 3 | N55: 4 | O55: 3 | P55: 3 | V55: 3
A56: Yobe | B56: NG036 | C56: Fune | D56: NG036005 | E56: 589857 | G56: 2 | H56: 2 | I56: 0 | J56: 3 | K56: 3 | L56: 3 | M56: 4 | N56: 4 | O56: 4 | P56: 3 | V56: 3
A57: Yobe | B57: NG036 | C57: Geidam | D57: NG036006 | E57: 292654 | G57: 2 | H57: 4 | I57: 0 | J57: 3 | K57: 3 | L57: 4 | M57: 4 | N57: 4 | O57: 3 | P57: 4 | V57: 3
A58: Yobe | B58: NG036 | C58: Gujba | D58: NG036007 | E58: 265788 | G58: 2 | H58: 3 | I58: 0 | J58: 3 | K58: 3 | L58: 4 | M58: 4 | N58: 4 | O58: 3 | P58: 3 | V58: 3
... A68: Yobe | B68: NG036 | C68: Yusufari | D68: NG036017 | E68: 298016 | G68: 2 | H68: 2 | I68: 0 | J68: 3 | K68: 3 | L68: 3 | M68: 1 | N68: 4 | O68: 1 | P68: 3 | V68: 1

Sheet Preliminary results graph
B2: {=#REF!} -> #REF!
B3: =SUM(INDEX(#REF!, 0, MATCH(B2, #REF!, 0))) -> #REF! | C3: =SUM(INDEX(#REF!, 0, MATCH(C2, #REF!, 0))) -> #REF! | D3: =SUM(INDEX(#REF!, 0, MATCH(D2, #REF!, 0))) -> #REF! | E3: =SUM(INDEX(#REF!, 0, MATCH(E2, #REF!, 0))) -> #REF! | F3: =SUM(INDEX(#REF!, 0, MATCH(F2, #REF!, 0))) -> #REF! | G3: =SUM(INDEX(#REF!, 0, MATCH(G2, #REF!, 0))) -> #REF! | H3: =SUM(INDEX(#REF!, 0, MATCH(H2, #REF!, 0))) -> #REF! | I3: =SUM(INDEX(#REF!, 0, MATCH(I2, #REF!, 0))) -> #REF! | J3: =SUM(INDEX(#REF!, 0, MATCH(J2, #REF!, 0))) -> #REF! | K3: =IF(K2="", "", SUM(INDEX(#REF!, 0, MATCH(K2, #REF!, 0)))) | L3: =IF(L2="", "", SUM(INDEX(#REF!, 0, MATCH(L2, #REF!, 0)))) | M3: =IF(M2="", "", SUM(INDEX(#REF!, 0, MATCH(M2, #REF!, 0)))) | V3: Intersectoral Severity | W3: {=#REF!} -> #REF!
A4: Population | B4: Overall PiN | C4: {=_xlfn._xlws.FILTER(B2:N3, B3:N3>0)} -> #REF! | U4: 1 | V4: =COUNTIF(tblSeverityAnalysis[Preliminary Intersectoral Severity based on overlap of sectoral deprivations],'Preliminary results graph'!$U4 ) -> 0 | W4: {=SUM(IF(INDEX(#REF!, 0, MATCH(W$3, #REF!, 0 ))=$U4, 1, 0))} -> #REF! | X4: {=SUM(IF(INDEX(#REF!, 0, MATCH(X$3, #REF!, 0 ))=$U4, 1, 0))} -> #REF! | Y4: {=SUM(IF(INDEX(#REF!, 0, MATCH(Y$3, #REF!, 0 ))=$U4, 1, 0))} -> #REF! | Z4: {=SUM(IF(INDEX(#REF!, 0, MATCH(Z$3, #REF!, 0 ))=$U4, 1, 0))} -> #REF! | AA4: {=SUM(IF(INDEX(#REF!, 0, MATCH(AA$3, #REF!, 0 ))=$U4, 1, 0))} -> #REF! | AB4: {=SUM(IF(INDEX(#REF!, 0, MATCH(AB$3, #REF!, 0 ))=$U4, 1, 0))} -> #REF! | AC4: {=SUM(IF(INDEX(#REF!, 0, MATCH(AC$3, #REF!, 0 ))=$U4, 1, 0))} -> #REF! | AD4: {=SUM(IF(INDEX(#REF!, 0, MATCH(AD$3, #REF!, 0 ))=$U4, 1, 0))} -> #REF! | AE4: {=SUM(IF(INDEX(#REF!, 0, MATCH(AE$3, #REF!, 0 ))=$U4, 1, 0))} -> #REF! | AF4: {=IF(AF$3="", "", SUM(IF(INDEX(#REF!, 0, MATCH(AF$3, #REF!, 0 ))=$U4, 1, 0)))} | AG4: {=IF(AG$3="", "", SUM(IF(INDEX(#REF!, 0, MATCH(AG$3, #REF!, 0 ))=$U4, 1, 0)))} | AH4: {=IF(AH$3="", "", SUM(IF(INDEX(#REF!, 0, MATCH(AH$3, #REF!, 0 ))=$U4, 1, 0)))}
A5: =SUM(tblPiNAnalysis[Population]) -> 17858856 | B5: =SUM(tblPiNAnalysis[Preliminary PiN]) -> 6001764.5 | U5: 2 | V5: =COUNTIF(tblSeverityAnalysis[Preliminary Intersectoral Severity based on overlap of sectoral deprivations],'Preliminary results graph'!$U5 ) -> 17 | W5: {=SUM(IF(INDEX(#REF!, 0, MATCH(W$3, #REF!, 0 ))=$U5, 1, 0))} -> #REF! | X5: {=SUM(IF(INDEX(#REF!, 0, MATCH(X$3, #REF!, 0 ))=$U5, 1, 0))} -> #REF! | Y5: {=SUM(IF(INDEX(#REF!, 0, MATCH(Y$3, #REF!, 0 ))=$U5, 1, 0))} -> #REF! | Z5: {=SUM(IF(INDEX(#REF!, 0, MATCH(Z$3, #REF!, 0 ))=$U5, 1, 0))} -> #REF! | AA5: {=SUM(IF(INDEX(#REF!, 0, MATCH(AA$3, #REF!, 0 ))=$U5, 1, 0))} -> #REF! | AB5: {=SUM(IF(INDEX(#REF!, 0, MATCH(AB$3, #REF!, 0 ))=$U5, 1, 0))} -> #REF! | AC5: {=SUM(IF(INDEX(#REF!, 0, MATCH(AC$3, #REF!, 0 ))=$U5, 1, 0))} -> #REF! | AD5: {=SUM(IF(INDEX(#REF!, 0, MATCH(AD$3, #REF!, 0 ))=$U5, 1, 0))} -> #REF! | AE5: {=SUM(IF(INDEX(#REF!, 0, MATCH(AE$3, #REF!, 0 ))=$U5, 1, 0))} -> #REF! | AF5: {=IF(AF$3="", "", SUM(IF(INDEX(#REF!, 0, MATCH(AF$3, #REF!, 0 ))=$U5, 1, 0)))} | AG5: {=IF(AG$3="", "", SUM(IF(INDEX(#REF!, 0, MATCH(AG$3, #REF!, 0 ))=$U5, 1, 0)))} | AH5: {=IF(AH$3="", "", SUM(IF(INDEX(#REF!, 0, MATCH(AH$3, #REF!, 0 ))=$U5, 1, 0)))}
U6: 3 | V6: =COUNTIF(tblSeverityAnalysis[Preliminary Intersectoral Severity based on overlap of sectoral deprivations],'Preliminary results graph'!$U6 ) -> 37 | W6: {=SUM(IF(INDEX(#REF!, 0, MATCH(W$3, #REF!, 0 ))=$U6, 1, 0))} -> #REF! | X6: {=SUM(IF(INDEX(#REF!, 0, MATCH(X$3, #REF!, 0 ))=$U6, 1, 0))} -> #REF! | Y6: {=SUM(IF(INDEX(#REF!, 0, MATCH(Y$3, #REF!, 0 ))=$U6, 1, 0))} -> #REF! | Z6: {=SUM(IF(INDEX(#REF!, 0, MATCH(Z$3, #REF!, 0 ))=$U6, 1, 0))} -> #REF! | AA6: {=SUM(IF(INDEX(#REF!, 0, MATCH(AA$3, #REF!, 0 ))=$U6, 1, 0))} -> #REF! | AB6: {=SUM(IF(INDEX(#REF!, 0, MATCH(AB$3, #REF!, 0 ))=$U6, 1, 0))} -> #REF! | AC6: {=SUM(IF(INDEX(#REF!, 0, MATCH(AC$3, #REF!, 0 ))=$U6, 1, 0))} -> #REF! | AD6: {=SUM(IF(INDEX(#REF!, 0, MATCH(AD$3, #REF!, 0 ))=$U6, 1, 0))} -> #REF! | AE6: {=SUM(IF(INDEX(#REF!, 0, MATCH(AE$3, #REF!, 0 ))=$U6, 1, 0))} -> #REF! | AF6: {=IF(AF$3="", "", SUM(IF(INDEX(#REF!, 0, MATCH(AF$3, #REF!, 0 ))=$U6, 1, 0)))} | AG6: {=IF(AG$3="", "", SUM(IF(INDEX(#REF!, 0, MATCH(AG$3, #REF!, 0 ))=$U6, 1, 0)))} | AH6: {=IF(AH$3="", "", SUM(IF(INDEX(#REF!, 0, MATCH(AH$3, #REF!, 0 ))=$U6, 1, 0)))}
A7: ="Total Sectoral and Overall PiN, from a total population of "&TEXT('Preliminary results graph'!$A$5,"0,000") -> Total Sectoral and Overall PiN, from a total population of 17858856,000 | U7: 4 | V7: =COUNTIF(tblSeverityAnalysis[Preliminary Intersectoral Severity based on overlap of sectoral deprivations],'Preliminary results graph'!$U7 ) -> 11 | W7: {=SUM(IF(INDEX(#REF!, 0, MATCH(W$3, #REF!, 0 ))=$U7, 1, 0))} -> #REF! | X7: {=SUM(IF(INDEX(#REF!, 0, MATCH(X$3, #REF!, 0 ))=$U7, 1, 0))} -> #REF! | Y7: {=SUM(IF(INDEX(#REF!, 0, MATCH(Y$3, #REF!, 0 ))=$U7, 1, 0))} -> #REF! | Z7: {=SUM(IF(INDEX(#REF!, 0, MATCH(Z$3, #REF!, 0 ))=$U7, 1, 0))} -> #REF! | AA7: {=SUM(IF(INDEX(#REF!, 0, MATCH(AA$3, #REF!, 0 ))=$U7, 1, 0))} -> #REF! | AB7: {=SUM(IF(INDEX(#REF!, 0, MATCH(AB$3, #REF!, 0 ))=$U7, 1, 0))} -> #REF! | AC7: {=SUM(IF(INDEX(#REF!, 0, MATCH(AC$3, #REF!, 0 ))=$U7, 1, 0))} -> #REF! | AD7: {=SUM(IF(INDEX(#REF!, 0, MATCH(AD$3, #REF!, 0 ))=$U7, 1, 0))} -> #REF! | AE7: {=SUM(IF(INDEX(#REF!, 0, MATCH(AE$3, #REF!, 0 ))=$U7, 1, 0))} -> #REF! | AF7: {=IF(AF$3="", "", SUM(IF(INDEX(#REF!, 0, MATCH(AF$3, #REF!, 0 ))=$U7, 1, 0)))} | AG7: {=IF(AG$3="", "", SUM(IF(INDEX(#REF!, 0, MATCH(AG$3, #REF!, 0 ))=$U7, 1, 0)))} | AH7: {=IF(AH$3="", "", SUM(IF(INDEX(#REF!, 0, MATCH(AH$3, #REF!, 0 ))=$U7, 1, 0)))}
U8: 5 | V8: =COUNTIF(tblSeverityAnalysis[Preliminary Intersectoral Severity based on overlap of sectoral deprivations],'Preliminary results graph'!$U8 ) -> 0 | W8: {=SUM(IF(INDEX(#REF!, 0, MATCH(W$3, #REF!, 0 ))=$U8, 1, 0))} -> #REF! | X8: {=SUM(IF(INDEX(#REF!, 0, MATCH(X$3, #REF!, 0 ))=$U8, 1, 0))} -> #REF! | Y8: {=SUM(IF(INDEX(#REF!, 0, MATCH(Y$3, #REF!, 0 ))=$U8, 1, 0))} -> #REF! | Z8: {=SUM(IF(INDEX(#REF!, 0, MATCH(Z$3, #REF!, 0 ))=$U8, 1, 0))} -> #REF! | AA8: {=SUM(IF(INDEX(#REF!, 0, MATCH(AA$3, #REF!, 0 ))=$U8, 1, 0))} -> #REF! | AB8: {=SUM(IF(INDEX(#REF!, 0, MATCH(AB$3, #REF!, 0 ))=$U8, 1, 0))} -> #REF! | AC8: {=SUM(IF(INDEX(#REF!, 0, MATCH(AC$3, #REF!, 0 ))=$U8, 1, 0))} -> #REF! | AD8: {=SUM(IF(INDEX(#REF!, 0, MATCH(AD$3, #REF!, 0 ))=$U8, 1, 0))} -> #REF! | AE8: {=SUM(IF(INDEX(#REF!, 0, MATCH(AE$3, #REF!, 0 ))=$U8, 1, 0))} -> #REF! | AF8: {=IF(AF$3="", "", SUM(IF(INDEX(#REF!, 0, MATCH(AF$3, #REF!, 0 ))=$U8, 1, 0)))} | AG8: {=IF(AG$3="", "", SUM(IF(INDEX(#REF!, 0, MATCH(AG$3, #REF!, 0 ))=$U8, 1, 0)))} | AH8: {=IF(AH$3="", "", SUM(IF(INDEX(#REF!, 0, MATCH(AH$3, #REF!, 0 ))=$U8, 1, 0)))}
V9: =SUM(V4:V8) -> 65 | W9: =SUM(W4:W8) -> #REF! | X9: =SUM(X4:X8) -> #REF! | Y9: =SUM(Y4:Y8) -> #REF! | Z9: =SUM(Z4:Z8) -> #REF! | AA9: =SUM(AA4:AA8) -> #REF! | AB9: =SUM(AB4:AB8) -> #REF! | AC9: =SUM(AC4:AC8) -> #REF! | ... AH9: =SUM(AH4:AH8) -> 0
V10: {=_xlfn._xlws.FILTER(V3:AI9,V9:AI9>0)} -> #REF!
U11: 1
U12: 2
U13: 3
U14: 4
U15: 5
C26: {=tblPiNAnalysis[[#Headers],[CCCM]:[WASH]]} -> CCCM | D26: Education | E26: Early Recovery | F26: Food Security | G26: Heath | H26: Nutrition | I26: Overarching Protection | J26: Shelter | K26: WASH | U26: {=tblSeverityAnalysis[[#Headers],[CCCM]:[WASH]]} -> CCCM | V26: Education | W26: Early Recovery | X26: Food Security | Y26: Health | Z26: Nutrition | AA26: Overarching Protection | AB26: Shelter | AC26: WASH
C27: =IF(C26="", "", COUNTIF(#REF!, _xlfn.CONCAT("*", C26, "*"))) -> #REF! | D27: =IF(D26="", "", COUNTIF(#REF!, _xlfn.CONCAT("*", D26, "*"))) -> #REF! | E27: =IF(E26="", "", COUNTIF(#REF!, _xlfn.CONCAT("*", E26, "*"))) -> #REF! | F27: =IF(F26="", "", COUNTIF(#REF!, _xlfn.CONCAT("*", F26, "*"))) -> #REF! | G27: =IF(G26="", "", COUNTIF(#REF!, _xlfn.CONCAT("*", G26, "*"))) -> #REF! | H27: =IF(H26="", "", COUNTIF(#REF!, _xlfn.CONCAT("*", H26, "*"))) -> #REF! | I27: =IF(I26="", "", COUNTIF(#REF!, _xlfn.CONCAT("*", I26, "*"))) -> #REF! | J27: =IF(J26="", "", COUNTIF(#REF!, _xlfn.CONCAT("*", J26, "*"))) -> #REF! | ... L27: =IF(L26="", "", COUNTIF(#REF!, _xlfn.CONCAT("*", L26, "*"))) | U27: =IF(U26="", "", COUNTIF(#REF!, _xlfn.CONCAT("*", U26, "*"))) -> #REF! | V27: =IF(V26="", "", COUNTIF(#REF!, _xlfn.CONCAT("*", V26, "*"))) -> #REF! | W27: =IF(W26="", "", COUNTIF(#REF!, _xlfn.CONCAT("*", W26, "*"))) -> #REF! | X27: =IF(X26="", "", COUNTIF(#REF!, _xlfn.CONCAT("*", X26, "*"))) -> #REF! | Y27: =IF(Y26="", "", COUNTIF(#REF!, _xlfn.CONCAT("*", Y26, "*"))) -> #REF! | Z27: =IF(Z26="", "", COUNTIF(#REF!, _xlfn.CONCAT("*", Z26, "*"))) -> #REF! | AA27: =IF(AA26="", "", COUNTIF(#REF!, _xlfn.CONCAT("*", AA26, "*"))) -> #REF! | AB27: =IF(AB26="", "", COUNTIF(#REF!, _xlfn.CONCAT("*", AB26, "*"))) -> #REF! | AC27: =IF(AC26="", "", COUNTIF(#REF!, _xlfn.CONCAT("*", AC26, "*"))) -> #REF!

Sheet PiN & Sev - Corr Coeff
C1: PiN Correlation Coefficient | P1: Severity Correlation Coefficient
B3: {=_xlfn.UNIQUE(tblPiNAnalysis[[#Headers],[CCCM]:[WASH]])} -> CCCM | C3: Education | D3: Early Recovery | E3: Food Security | F3: Heath | G3: Nutrition | H3: Overarching Protection | I3: Shelter | J3: WASH | O3: {=_xlfn.UNIQUE(tblSeverityAnalysis[[#Headers],[CCCM]:[WASH]])} -> CCCM | P3: Education | Q3: Early Recovery | R3: Food Security | S3: Health | T3: Nutrition | U3: Overarching Protection | V3: Shelter | W3: WASH
A4: {=TRANSPOSE(tblPiNAnalysis[[#Headers],[CCCM]:[WASH]])} -> CCCM | B4: =IF(OR($A4=B$3,B$3="",$A4=""),"",CORREL(INDEX(tblPiNAnalysis[[CCCM]:[WASH]],0,MATCH(B$3,tblPiNAnalysis[[#Headers],[CCCM]:[WASH]],0)),INDEX(tblPiNAnalysis[[CCCM]:[WASH]],0,MATCH($A4,tblPiNAnalysis[[#Headers],[CCCM]:[WASH]],0)))) | N4: {=TRANSPOSE(tblSeverityAnalysis[[#Headers],[CCCM]:[WASH]])} -> CCCM | O4: =IF(OR($N4=O$3,O$3="",$N4=""),"",CORREL(INDEX(tblSeverityAnalysis[[CCCM]:[WASH]],0,MATCH(O$3,tblSeverityAnalysis[[#Headers],[CCCM]:[WASH]],0)),INDEX(tblSeverityAnalysis[[CCCM]:[WASH]],0,MATCH($N4,tblSeverityAnalysis[[#Headers],[CCCM]:[WASH]],0))))
A5: Education | B5: =IF(OR($A5=B$3,B$3="",$A5=""),"",CORREL(INDEX(tblPiNAnalysis[[CCCM]:[WASH]],0,MATCH(B$3,tblPiNAnalysis[[#Headers],[CCCM]:[WASH]],0)),INDEX(tblPiNAnalysis[[CCCM]:[WASH]],0,MATCH($A5,tblPiNAnalysis[[#Headers],[CCCM]:[WASH]],0)))) -> 0.68121467 | C5: =IF(OR($A5=C$3,C$3="",$A5=""),"",CORREL(INDEX(tblPiNAnalysis[[CCCM]:[WASH]],0,MATCH(C$3,tblPiNAnalysis[[#Headers],[CCCM]:[WASH]],0)),INDEX(tblPiNAnalysis[[CCCM]:[WASH]],0,MATCH($A5,tblPiNAnalysis[[#Headers],[CCCM]:[WASH]],0)))) | N5: Education | O5: =IF(OR($N5=O$3,O$3="",$N5=""),"",CORREL(INDEX(tblSeverityAnalysis[[CCCM]:[WASH]],0,MATCH(O$3,tblSeverityAnalysis[[#Headers],[CCCM]:[WASH]],0)),INDEX(tblSeverityAnalysis[[CCCM]:[WASH]],0,MATCH($N5,tblSeverityAnalysis[[#Headers],[CCCM]:[WASH]],0)))) -> -0.022098351 | P5: =IF(OR($N5=P$3,P$3="",$N5=""),"",CORREL(INDEX(tblSeverityAnalysis[[CCCM]:[WASH]],0,MATCH(P$3,tblSeverityAnalysis[[#Headers],[CCCM]:[WASH]],0)),INDEX(tblSeverityAnalysis[[CCCM]:[WASH]],0,MATCH($N5,tblSeverityAnalysis[[#Headers],[CCCM]:[WASH]],0))))
A6: Early Recovery | B6: =IF(OR($A6=B$3,B$3="",$A6=""),"",CORREL(INDEX(tblPiNAnalysis[[CCCM]:[WASH]],0,MATCH(B$3,tblPiNAnalysis[[#Headers],[CCCM]:[WASH]],0)),INDEX(tblPiNAnalysis[[CCCM]:[WASH]],0,MATCH($A6,tblPiNAnalysis[[#Headers],[CCCM]:[WASH]],0)))) -> #DIV/0! | C6: =IF(OR($A6=C$3,C$3="",$A6=""),"",CORREL(INDEX(tblPiNAnalysis[[CCCM]:[WASH]],0,MATCH(C$3,tblPiNAnalysis[[#Headers],[CCCM]:[WASH]],0)),INDEX(tblPiNAnalysis[[CCCM]:[WASH]],0,MATCH($A6,tblPiNAnalysis[[#Headers],[CCCM]:[WASH]],0)))) -> #DIV/0! | D6: =IF(OR($A6=D$3,D$3="",$A6=""),"",CORREL(INDEX(tblPiNAnalysis[[CCCM]:[WASH]],0,MATCH(D$3,tblPiNAnalysis[[#Headers],[CCCM]:[WASH]],0)),INDEX(tblPiNAnalysis[[CCCM]:[WASH]],0,MATCH($A6,tblPiNAnalysis[[#Headers],[CCCM]:[WASH]],0)))) | N6: Early Recovery | O6: =IF(OR($N6=O$3,O$3="",$N6=""),"",CORREL(INDEX(tblSeverityAnalysis[[CCCM]:[WASH]],0,MATCH(O$3,tblSeverityAnalysis[[#Headers],[CCCM]:[WASH]],0)),INDEX(tblSeverityAnalysis[[CCCM]:[WASH]],0,MATCH($N6,tblSeverityAnalysis[[#Headers],[CCCM]:[WASH]],0)))) -> #DIV/0! | P6: =IF(OR($N6=P$3,P$3="",$N6=""),"",CORREL(INDEX(tblSeverityAnalysis[[CCCM]:[WASH]],0,MATCH(P$3,tblSeverityAnalysis[[#Headers],[CCCM]:[WASH]],0)),INDEX(tblSeverityAnalysis[[CCCM]:[WASH]],0,MATCH($N6,tblSeverityAnalysis[[#Headers],[CCCM]:[WASH]],0)))) -> #DIV/0! | Q6: =IF(OR($N6=Q$3,Q$3="",$N6=""),"",CORREL(INDEX(tblSeverityAnalysis[[CCCM]:[WASH]],0,MATCH(Q$3,tblSeverityAnalysis[[#Headers],[CCCM]:[WASH]],0)),INDEX(tblSeverityAnalysis[[CCCM]:[WASH]],0,MATCH($N6,tblSeverityAnalysis[[#Headers],[CCCM]:[WASH]],0))))
A7: Food Security | B7: =IF(OR($A7=B$3,B$3="",$A7=""),"",CORREL(INDEX(tblPiNAnalysis[[CCCM]:[WASH]],0,MATCH(B$3,tblPiNAnalysis[[#Headers],[CCCM]:[WASH]],0)),INDEX(tblPiNAnalysis[[CCCM]:[WASH]],0,MATCH($A7,tblPiNAnalysis[[#Headers],[CCCM]:[WASH]],0)))) -> 0.67941364 | C7: =IF(OR($A7=C$3,C$3="",$A7=""),"",CORREL(INDEX(tblPiNAnalysis[[CCCM]:[WASH]],0,MATCH(C$3,tblPiNAnalysis[[#Headers],[CCCM]:[WASH]],0)),INDEX(tblPiNAnalysis[[CCCM]:[WASH]],0,MATCH($A7,tblPiNAnalysis[[#Headers],[CCCM]:[WASH]],0)))) -> 0.71418443 | D7: =IF(OR($A7=D$3,D$3="",$A7=""),"",CORREL(INDEX(tblPiNAnalysis[[CCCM]:[WASH]],0,MATCH(D$3,tblPiNAnalysis[[#Headers],[CCCM]:[WASH]],0)),INDEX(tblPiNAnalysis[[CCCM]:[WASH]],0,MATCH($A7,tblPiNAnalysis[[#Headers],[CCCM]:[WASH]],0)))) -> #DIV/0! | E7: =IF(OR($A7=E$3,E$3="",$A7=""),"",CORREL(INDEX(tblPiNAnalysis[[CCCM]:[WASH]],0,MATCH(E$3,tblPiNAnalysis[[#Headers],[CCCM]:[WASH]],0)),INDEX(tblPiNAnalysis[[CCCM]:[WASH]],0,MATCH($A7,tblPiNAnalysis[[#Headers],[CCCM]:[WASH]],0)))) | N7: Food Security | O7: =IF(OR($N7=O$3,O$3="",$N7=""),"",CORREL(INDEX(tblSeverityAnalysis[[CCCM]:[WASH]],0,MATCH(O$3,tblSeverityAnalysis[[#Headers],[CCCM]:[WASH]],0)),INDEX(tblSeverityAnalysis[[CCCM]:[WASH]],0,MATCH($N7,tblSeverityAnalysis[[#Headers],[CCCM]:[WASH]],0)))) -> -0.019701741 | P7: =IF(OR($N7=P$3,P$3="",$N7=""),"",CORREL(INDEX(tblSeverityAnalysis[[CCCM]:[WASH]],0,MATCH(P$3,tblSeverityAnalysis[[#Headers],[CCCM]:[WASH]],0)),INDEX(tblSeverityAnalysis[[CCCM]:[WASH]],0,MATCH($N7,tblSeverityAnalysis[[#Headers],[CCCM]:[WASH]],0)))) -> 0.28147548 | Q7: =IF(OR($N7=Q$3,Q$3="",$N7=""),"",CORREL(INDEX(tblSeverityAnalysis[[CCCM]:[WASH]],0,MATCH(Q$3,tblSeverityAnalysis[[#Headers],[CCCM]:[WASH]],0)),INDEX(tblSeverityAnalysis[[CCCM]:[WASH]],0,MATCH($N7,tblSeverityAnalysis[[#Headers],[CCCM]:[WASH]],0)))) -> #DIV/0! | R7: =IF(OR($N7=R$3,R$3="",$N7=""),"",CORREL(INDEX(tblSeverityAnalysis[[CCCM]:[WASH]],0,MATCH(R$3,tblSeverityAnalysis[[#Headers],[CCCM]:[WASH]],0)),INDEX(tblSeverityAnalysis[[CCCM]:[WASH]],0,MATCH($N7,tblSeverityAnalysis[[#Headers],[CCCM]:[WASH]],0))))
A8: Heath | B8: =IF(OR($A8=B$3,B$3="",$A8=""),"",CORREL(INDEX(tblPiNAnalysis[[CCCM]:[WASH]],0,MATCH(B$3,tblPiNAnalysis[[#Headers],[CCCM]:[WASH]],0)),INDEX(tblPiNAnalysis[[CCCM]:[WASH]],0,MATCH($A8,tblPiNAnalysis[[#Headers],[CCCM]:[WASH]],0)))) -> 0.73258314 | C8: =IF(OR($A8=C$3,C$3="",$A8=""),"",CORREL(INDEX(tblPiNAnalysis[[CCCM]:[WASH]],0,MATCH(C$3,tblPiNAnalysis[[#Headers],[CCCM]:[WASH]],0)),INDEX(tblPiNAnalysis[[CCCM]:[WASH]],0,MATCH($A8,tblPiNAnalysis[[#Headers],[CCCM]:[WASH]],0)))) -> 0.75303251 | D8: =IF(OR($A8=D$3,D$3="",$A8=""),"",CORREL(INDEX(tblPiNAnalysis[[CCCM]:[WASH]],0,MATCH(D$3,tblPiNAnalysis[[#Headers],[CCCM]:[WASH]],0)),INDEX(tblPiNAnalysis[[CCCM]:[WASH]],0,MATCH($A8,tblPiNAnalysis[[#Headers],[CCCM]:[WASH]],0)))) -> #DIV/0! | E8: =IF(OR($A8=E$3,E$3="",$A8=""),"",CORREL(INDEX(tblPiNAnalysis[[CCCM]:[WASH]],0,MATCH(E$3,tblPiNAnalysis[[#Headers],[CCCM]:[WASH]],0)),INDEX(tblPiNAnalysis[[CCCM]:[WASH]],0,MATCH($A8,tblPiNAnalysis[[#Headers],[CCCM]:[WASH]],0)))) -> 0.85478635 | F8: =IF(OR($A8=F$3,F$3="",$A8=""),"",CORREL(INDEX(tblPiNAnalysis[[CCCM]:[WASH]],0,MATCH(F$3,tblPiNAnalysis[[#Headers],[CCCM]:[WASH]],0)),INDEX(tblPiNAnalysis[[CCCM]:[WASH]],0,MATCH($A8,tblPiNAnalysis[[#Headers],[CCCM]:[WASH]],0)))) | N8: Health | O8: =IF(OR($N8=O$3,O$3="",$N8=""),"",CORREL(INDEX(tblSeverityAnalysis[[CCCM]:[WASH]],0,MATCH(O$3,tblSeverityAnalysis[[#Headers],[CCCM]:[WASH]],0)),INDEX(tblSeverityAnalysis[[CCCM]:[WASH]],0,MATCH($N8,tblSeverityAnalysis[[#Headers],[CCCM]:[WASH]],0)))) -> -0.22404762 | P8: =IF(OR($N8=P$3,P$3="",$N8=""),"",CORREL(INDEX(tblSeverityAnalysis[[CCCM]:[WASH]],0,MATCH(P$3,tblSeverityAnalysis[[#Headers],[CCCM]:[WASH]],0)),INDEX(tblSeverityAnalysis[[CCCM]:[WASH]],0,MATCH($N8,tblSeverityAnalysis[[#Headers],[CCCM]:[WASH]],0)))) -> 0.20374359 | Q8: =IF(OR($N8=Q$3,Q$3="",$N8=""),"",CORREL(INDEX(tblSeverityAnalysis[[CCCM]:[WASH]],0,MATCH(Q$3,tblSeverityAnalysis[[#Headers],[CCCM]:[WASH]],0)),INDEX(tblSeverityAnalysis[[CCCM]:[WASH]],0,MATCH($N8,tblSeverityAnalysis[[#Headers],[CCCM]:[WASH]],0)))) -> #DIV/0! | R8: =IF(OR($N8=R$3,R$3="",$N8=""),"",CORREL(INDEX(tblSeverityAnalysis[[CCCM]:[WASH]],0,MATCH(R$3,tblSeverityAnalysis[[#Headers],[CCCM]:[WASH]],0)),INDEX(tblSeverityAnalysis[[CCCM]:[WASH]],0,MATCH($N8,tblSeverityAnalysis[[#Headers],[CCCM]:[WASH]],0)))) -> 0.17073416 | S8: =IF(OR($N8=S$3,S$3="",$N8=""),"",CORREL(INDEX(tblSeverityAnalysis[[CCCM]:[WASH]],0,MATCH(S$3,tblSeverityAnalysis[[#Headers],[CCCM]:[WASH]],0)),INDEX(tblSeverityAnalysis[[CCCM]:[WASH]],0,MATCH($N8,tblSeverityAnalysis[[#Headers],[CCCM]:[WASH]],0))))
A9: Nutrition | B9: =IF(OR($A9=B$3,B$3="",$A9=""),"",CORREL(INDEX(tblPiNAnalysis[[CCCM]:[WASH]],0,MATCH(B$3,tblPiNAnalysis[[#Headers],[CCCM]:[WASH]],0)),INDEX(tblPiNAnalysis[[CCCM]:[WASH]],0,MATCH($A9,tblPiNAnalysis[[#Headers],[CCCM]:[WASH]],0)))) -> 0.51518149 | C9: =IF(OR($A9=C$3,C$3="",$A9=""),"",CORREL(INDEX(tblPiNAnalysis[[CCCM]:[WASH]],0,MATCH(C$3,tblPiNAnalysis[[#Headers],[CCCM]:[WASH]],0)),INDEX(tblPiNAnalysis[[CCCM]:[WASH]],0,MATCH($A9,tblPiNAnalysis[[#Headers],[CCCM]:[WASH]],0)))) -> 0.73912733 | D9: =IF(OR($A9=D$3,D$3="",$A9=""),"",CORREL(INDEX(tblPiNAnalysis[[CCCM]:[WASH]],0,MATCH(D$3,tblPiNAnalysis[[#Headers],[CCCM]:[WASH]],0)),INDEX(tblPiNAnalysis[[CCCM]:[WASH]],0,MATCH($A9,tblPiNAnalysis[[#Headers],[CCCM]:[WASH]],0)))) -> #DIV/0! | E9: =IF(OR($A9=E$3,E$3="",$A9=""),"",CORREL(INDEX(tblPiNAnalysis[[CCCM]:[WASH]],0,MATCH(E$3,tblPiNAnalysis[[#Headers],[CCCM]:[WASH]],0)),INDEX(tblPiNAnalysis[[CCCM]:[WASH]],0,MATCH($A9,tblPiNAnalysis[[#Headers],[CCCM]:[WASH]],0)))) -> 0.79856098 | F9: =IF(OR($A9=F$3,F$3="",$A9=""),"",CORREL(INDEX(tblPiNAnalysis[[CCCM]:[WASH]],0,MATCH(F$3,tblPiNAnalysis[[#Headers],[CCCM]:[WASH]],0)),INDEX(tblPiNAnalysis[[CCCM]:[WASH]],0,MATCH($A9,tblPiNAnalysis[[#Headers],[CCCM]:[WASH]],0)))) -> 0.92037571 | G9: =IF(OR($A9=G$3,G$3="",$A9=""),"",CORREL(INDEX(tblPiNAnalysis[[CCCM]:[WASH]],0,MATCH(G$3,tblPiNAnalysis[[#Headers],[CCCM]:[WASH]],0)),INDEX(tblPiNAnalysis[[CCCM]:[WASH]],0,MATCH($A9,tblPiNAnalysis[[#Headers],[CCCM]:[WASH]],0)))) | N9: Nutrition | O9: =IF(OR($N9=O$3,O$3="",$N9=""),"",CORREL(INDEX(tblSeverityAnalysis[[CCCM]:[WASH]],0,MATCH(O$3,tblSeverityAnalysis[[#Headers],[CCCM]:[WASH]],0)),INDEX(tblSeverityAnalysis[[CCCM]:[WASH]],0,MATCH($N9,tblSeverityAnalysis[[#Headers],[CCCM]:[WASH]],0)))) -> 0.17067018 | P9: =IF(OR($N9=P$3,P$3="",$N9=""),"",CORREL(INDEX(tblSeverityAnalysis[[CCCM]:[WASH]],0,MATCH(P$3,tblSeverityAnalysis[[#Headers],[CCCM]:[WASH]],0)),INDEX(tblSeverityAnalysis[[CCCM]:[WASH]],0,MATCH($N9,tblSeverityAnalysis[[#Headers],[CCCM]:[WASH]],0)))) -> 0.26636412 | Q9: =IF(OR($N9=Q$3,Q$3="",$N9=""),"",CORREL(INDEX(tblSeverityAnalysis[[CCCM]:[WASH]],0,MATCH(Q$3,tblSeverityAnalysis[[#Headers],[CCCM]:[WASH]],0)),INDEX(tblSeverityAnalysis[[CCCM]:[WASH]],0,MATCH($N9,tblSeverityAnalysis[[#Headers],[CCCM]:[WASH]],0)))) -> #DIV/0! | R9: =IF(OR($N9=R$3,R$3="",$N9=""),"",CORREL(INDEX(tblSeverityAnalysis[[CCCM]:[WASH]],0,MATCH(R$3,tblSeverityAnalysis[[#Headers],[CCCM]:[WASH]],0)),INDEX(tblSeverityAnalysis[[CCCM]:[WASH]],0,MATCH($N9,tblSeverityAnalysis[[#Headers],[CCCM]:[WASH]],0)))) -> 0.26150469 | S9: =IF(OR($N9=S$3,S$3="",$N9=""),"",CORREL(INDEX(tblSeverityAnalysis[[CCCM]:[WASH]],0,MATCH(S$3,tblSeverityAnalysis[[#Headers],[CCCM]:[WASH]],0)),INDEX(tblSeverityAnalysis[[CCCM]:[WASH]],0,MATCH($N9,tblSeverityAnalysis[[#Headers],[CCCM]:[WASH]],0)))) -> 0.51729602 | T9: =IF(OR($N9=T$3,T$3="",$N9=""),"",CORREL(INDEX(tblSeverityAnalysis[[CCCM]:[WASH]],0,MATCH(T$3,tblSeverityAnalysis[[#Headers],[CCCM]:[WASH]],0)),INDEX(tblSeverityAnalysis[[CCCM]:[WASH]],0,MATCH($N9,tblSeverityAnalysis[[#Headers],[CCCM]:[WASH]],0))))
A10: Overarching Protection | B10: =IF(OR($A10=B$3,B$3="",$A10=""),"",CORREL(INDEX(tblPiNAnalysis[[CCCM]:[WASH]],0,MATCH(B$3,tblPiNAnalysis[[#Headers],[CCCM]:[WASH]],0)),INDEX(tblPiNAnalysis[[CCCM]:[WASH]],0,MATCH($A10,tblPiNAnalysis[[#Headers],[CCCM]:[WASH]],0)))) -> 0.81066222 | C10: =IF(OR($A10=C$3,C$3="",$A10=""),"",CORREL(INDEX(tblPiNAnalysis[[CCCM]:[WASH]],0,MATCH(C$3,tblPiNAnalysis[[#Headers],[CCCM]:[WASH]],0)),INDEX(tblPiNAnalysis[[CCCM]:[WASH]],0,MATCH($A10,tblPiNAnalysis[[#Headers],[CCCM]:[WASH]],0)))) -> 0.59396178 | D10: =IF(OR($A10=D$3,D$3="",$A10=""),"",CORREL(INDEX(tblPiNAnalysis[[CCCM]:[WASH]],0,MATCH(D$3,tblPiNAnalysis[[#Headers],[CCCM]:[WASH]],0)),INDEX(tblPiNAnalysis[[CCCM]:[WASH]],0,MATCH($A10,tblPiNAnalysis[[#Headers],[CCCM]:[WASH]],0)))) -> #DIV/0! | E10: =IF(OR($A10=E$3,E$3="",$A10=""),"",CORREL(INDEX(tblPiNAnalysis[[CCCM]:[WASH]],0,MATCH(E$3,tblPiNAnalysis[[#Headers],[CCCM]:[WASH]],0)),INDEX(tblPiNAnalysis[[CCCM]:[WASH]],0,MATCH($A10,tblPiNAnalysis[[#Headers],[CCCM]:[WASH]],0)))) -> 0.63630996 | F10: =IF(OR($A10=F$3,F$3="",$A10=""),"",CORREL(INDEX(tblPiNAnalysis[[CCCM]:[WASH]],0,MATCH(F$3,tblPiNAnalysis[[#Headers],[CCCM]:[WASH]],0)),INDEX(tblPiNAnalysis[[CCCM]:[WASH]],0,MATCH($A10,tblPiNAnalysis[[#Headers],[CCCM]:[WASH]],0)))) -> 0.70751206 | G10: =IF(OR($A10=G$3,G$3="",$A10=""),"",CORREL(INDEX(tblPiNAnalysis[[CCCM]:[WASH]],0,MATCH(G$3,tblPiNAnalysis[[#Headers],[CCCM]:[WASH]],0)),INDEX(tblPiNAnalysis[[CCCM]:[WASH]],0,MATCH($A10,tblPiNAnalysis[[#Headers],[CCCM]:[WASH]],0)))) -> 0.59570901 | H10: =IF(OR($A10=H$3,H$3="",$A10=""),"",CORREL(INDEX(tblPiNAnalysis[[CCCM]:[WASH]],0,MATCH(H$3,tblPiNAnalysis[[#Headers],[CCCM]:[WASH]],0)),INDEX(tblPiNAnalysis[[CCCM]:[WASH]],0,MATCH($A10,tblPiNAnalysis[[#Headers],[CCCM]:[WASH]],0)))) | N10: Overarching Protection | O10: =IF(OR($N10=O$3,O$3="",$N10=""),"",CORREL(INDEX(tblSeverityAnalysis[[CCCM]:[WASH]],0,MATCH(O$3,tblSeverityAnalysis[[#Headers],[CCCM]:[WASH]],0)),INDEX(tblSeverityAnalysis[[CCCM]:[WASH]],0,MATCH($N10,tblSeverityAnalysis[[#Headers],[CCCM]:[WASH]],0)))) -> -0.0046709699 | P10: =IF(OR($N10=P$3,P$3="",$N10=""),"",CORREL(INDEX(tblSeverityAnalysis[[CCCM]:[WASH]],0,MATCH(P$3,tblSeverityAnalysis[[#Headers],[CCCM]:[WASH]],0)),INDEX(tblSeverityAnalysis[[CCCM]:[WASH]],0,MATCH($N10,tblSeverityAnalysis[[#Headers],[CCCM]:[WASH]],0)))) -> 0.28468367 | Q10: =IF(OR($N10=Q$3,Q$3="",$N10=""),"",CORREL(INDEX(tblSeverityAnalysis[[CCCM]:[WASH]],0,MATCH(Q$3,tblSeverityAnalysis[[#Headers],[CCCM]:[WASH]],0)),INDEX(tblSeverityAnalysis[[CCCM]:[WASH]],0,MATCH($N10,tblSeverityAnalysis[[#Headers],[CCCM]:[WASH]],0)))) -> #DIV/0! | R10: =IF(OR($N10=R$3,R$3="",$N10=""),"",CORREL(INDEX(tblSeverityAnalysis[[CCCM]:[WASH]],0,MATCH(R$3,tblSeverityAnalysis[[#Headers],[CCCM]:[WASH]],0)),INDEX(tblSeverityAnalysis[[CCCM]:[WASH]],0,MATCH($N10,tblSeverityAnalysis[[#Headers],[CCCM]:[WASH]],0)))) -> -0.038345125 | S10: =IF(OR($N10=S$3,S$3="",$N10=""),"",CORREL(INDEX(tblSeverityAnalysis[[CCCM]:[WASH]],0,MATCH(S$3,tblSeverityAnalysis[[#Headers],[CCCM]:[WASH]],0)),INDEX(tblSeverityAnalysis[[CCCM]:[WASH]],0,MATCH($N10,tblSeverityAnalysis[[#Headers],[CCCM]:[WASH]],0)))) -> 0.33455039 | T10: =IF(OR($N10=T$3,T$3="",$N10=""),"",CORREL(INDEX(tblSeverityAnalysis[[CCCM]:[WASH]],0,MATCH(T$3,tblSeverityAnalysis[[#Headers],[CCCM]:[WASH]],0)),INDEX(tblSeverityAnalysis[[CCCM]:[WASH]],0,MATCH($N10,tblSeverityAnalysis[[#Headers],[CCCM]:[WASH]],0)))) -> 0.3777746 | U10: =IF(OR($N10=U$3,U$3="",$N10=""),"",CORREL(INDEX(tblSeverityAnalysis[[CCCM]:[WASH]],0,MATCH(U$3,tblSeverityAnalysis[[#Headers],[CCCM]:[WASH]],0)),INDEX(tblSeverityAnalysis[[CCCM]:[WASH]],0,MATCH($N10,tblSeverityAnalysis[[#Headers],[CCCM]:[WASH]],0))))
A11: Shelter | B11: =IF(OR($A11=B$3,B$3="",$A11=""),"",CORREL(INDEX(tblPiNAnalysis[[CCCM]:[WASH]],0,MATCH(B$3,tblPiNAnalysis[[#Headers],[CCCM]:[WASH]],0)),INDEX(tblPiNAnalysis[[CCCM]:[WASH]],0,MATCH($A11,tblPiNAnalysis[[#Headers],[CCCM]:[WASH]],0)))) -> 0.67459496 | C11: =IF(OR($A11=C$3,C$3="",$A11=""),"",CORREL(INDEX(tblPiNAnalysis[[CCCM]:[WASH]],0,MATCH(C$3,tblPiNAnalysis[[#Headers],[CCCM]:[WASH]],0)),INDEX(tblPiNAnalysis[[CCCM]:[WASH]],0,MATCH($A11,tblPiNAnalysis[[#Headers],[CCCM]:[WASH]],0)))) -> 0.60349061 | D11: =IF(OR($A11=D$3,D$3="",$A11=""),"",CORREL(INDEX(tblPiNAnalysis[[CCCM]:[WASH]],0,MATCH(D$3,tblPiNAnalysis[[#Headers],[CCCM]:[WASH]],0)),INDEX(tblPiNAnalysis[[CCCM]:[WASH]],0,MATCH($A11,tblPiNAnalysis[[#Headers],[CCCM]:[WASH]],0)))) -> #DIV/0! | E11: =IF(OR($A11=E$3,E$3="",$A11=""),"",CORREL(INDEX(tblPiNAnalysis[[CCCM]:[WASH]],0,MATCH(E$3,tblPiNAnalysis[[#Headers],[CCCM]:[WASH]],0)),INDEX(tblPiNAnalysis[[CCCM]:[WASH]],0,MATCH($A11,tblPiNAnalysis[[#Headers],[CCCM]:[WASH]],0)))) -> 0.6629976 | F11: =IF(OR($A11=F$3,F$3="",$A11=""),"",CORREL(INDEX(tblPiNAnalysis[[CCCM]:[WASH]],0,MATCH(F$3,tblPiNAnalysis[[#Headers],[CCCM]:[WASH]],0)),INDEX(tblPiNAnalysis[[CCCM]:[WASH]],0,MATCH($A11,tblPiNAnalysis[[#Headers],[CCCM]:[WASH]],0)))) -> 0.73611546 | G11: =IF(OR($A11=G$3,G$3="",$A11=""),"",CORREL(INDEX(tblPiNAnalysis[[CCCM]:[WASH]],0,MATCH(G$3,tblPiNAnalysis[[#Headers],[CCCM]:[WASH]],0)),INDEX(tblPiNAnalysis[[CCCM]:[WASH]],0,MATCH($A11,tblPiNAnalysis[[#Headers],[CCCM]:[WASH]],0)))) -> 0.61280919 | H11: =IF(OR($A11=H$3,H$3="",$A11=""),"",CORREL(INDEX(tblPiNAnalysis[[CCCM]:[WASH]],0,MATCH(H$3,tblPiNAnalysis[[#Headers],[CCCM]:[WASH]],0)),INDEX(tblPiNAnalysis[[CCCM]:[WASH]],0,MATCH($A11,tblPiNAnalysis[[#Headers],[CCCM]:[WASH]],0)))) -> 0.72138256 | I11: =IF(OR($A11=I$3,I$3="",$A11=""),"",CORREL(INDEX(tblPiNAnalysis[[CCCM]:[WASH]],0,MATCH(I$3,tblPiNAnalysis[[#Headers],[CCCM]:[WASH]],0)),INDEX(tblPiNAnalysis[[CCCM]:[WASH]],0,MATCH($A11,tblPiNAnalysis[[#Headers],[CCCM]:[WASH]],0)))) | N11: Shelter | O11: =IF(OR($N11=O$3,O$3="",$N11=""),"",CORREL(INDEX(tblSeverityAnalysis[[CCCM]:[WASH]],0,MATCH(O$3,tblSeverityAnalysis[[#Headers],[CCCM]:[WASH]],0)),INDEX(tblSeverityAnalysis[[CCCM]:[WASH]],0,MATCH($N11,tblSeverityAnalysis[[#Headers],[CCCM]:[WASH]],0)))) -> 0.40453791 | P11: =IF(OR($N11=P$3,P$3="",$N11=""),"",CORREL(INDEX(tblSeverityAnalysis[[CCCM]:[WASH]],0,MATCH(P$3,tblSeverityAnalysis[[#Headers],[CCCM]:[WASH]],0)),INDEX(tblSeverityAnalysis[[CCCM]:[WASH]],0,MATCH($N11,tblSeverityAnalysis[[#Headers],[CCCM]:[WASH]],0)))) -> -0.22866577 | Q11: =IF(OR($N11=Q$3,Q$3="",$N11=""),"",CORREL(INDEX(tblSeverityAnalysis[[CCCM]:[WASH]],0,MATCH(Q$3,tblSeverityAnalysis[[#Headers],[CCCM]:[WASH]],0)),INDEX(tblSeverityAnalysis[[CCCM]:[WASH]],0,MATCH($N11,tblSeverityAnalysis[[#Headers],[CCCM]:[WASH]],0)))) -> #DIV/0! | R11: =IF(OR($N11=R$3,R$3="",$N11=""),"",CORREL(INDEX(tblSeverityAnalysis[[CCCM]:[WASH]],0,MATCH(R$3,tblSeverityAnalysis[[#Headers],[CCCM]:[WASH]],0)),INDEX(tblSeverityAnalysis[[CCCM]:[WASH]],0,MATCH($N11,tblSeverityAnalysis[[#Headers],[CCCM]:[WASH]],0)))) -> -0.24751672 | S11: =IF(OR($N11=S$3,S$3="",$N11=""),"",CORREL(INDEX(tblSeverityAnalysis[[CCCM]:[WASH]],0,MATCH(S$3,tblSeverityAnalysis[[#Headers],[CCCM]:[WASH]],0)),INDEX(tblSeverityAnalysis[[CCCM]:[WASH]],0,MATCH($N11,tblSeverityAnalysis[[#Headers],[CCCM]:[WASH]],0)))) -> -0.050273597 | T11: =IF(OR($N11=T$3,T$3="",$N11=""),"",CORREL(INDEX(tblSeverityAnalysis[[CCCM]:[WASH]],0,MATCH(T$3,tblSeverityAnalysis[[#Headers],[CCCM]:[WASH]],0)),INDEX(tblSeverityAnalysis[[CCCM]:[WASH]],0,MATCH($N11,tblSeverityAnalysis[[#Headers],[CCCM]:[WASH]],0)))) -> 0.079981736 | U11: =IF(OR($N11=U$3,U$3="",$N11=""),"",CORREL(INDEX(tblSeverityAnalysis[[CCCM]:[WASH]],0,MATCH(U$3,tblSeverityAnalysis[[#Headers],[CCCM]:[WASH]],0)),INDEX(tblSeverityAnalysis[[CCCM]:[WASH]],0,MATCH($N11,tblSeverityAnalysis[[#Headers],[CCCM]:[WASH]],0)))) -> 0.13741881 | V11: =IF(OR($A11=V$3,V$3="",$A11=""),"",CORREL(INDEX(tblPiNAnalysis[[CCCM]:[WASH]],0,MATCH(V$3,tblPiNAnalysis[[#Headers],[CCCM]:[WASH]],0)),INDEX(tblPiNAnalysis[[CCCM]:[WASH]],0,MATCH($A11,tblPiNAnalysis[[#Headers],[CCCM]:[WASH]],0))))
A12: WASH | B12: =IF(OR($A12=B$3,B$3="",$A12=""),"",CORREL(INDEX(tblPiNAnalysis[[CCCM]:[WASH]],0,MATCH(B$3,tblPiNAnalysis[[#Headers],[CCCM]:[WASH]],0)),INDEX(tblPiNAnalysis[[CCCM]:[WASH]],0,MATCH($A12,tblPiNAnalysis[[#Headers],[CCCM]:[WASH]],0)))) -> 0.86714759 | C12: =IF(OR($A12=C$3,C$3="",$A12=""),"",CORREL(INDEX(tblPiNAnalysis[[CCCM]:[WASH]],0,MATCH(C$3,tblPiNAnalysis[[#Headers],[CCCM]:[WASH]],0)),INDEX(tblPiNAnalysis[[CCCM]:[WASH]],0,MATCH($A12,tblPiNAnalysis[[#Headers],[CCCM]:[WASH]],0)))) -> 0.59790965 | D12: =IF(OR($A12=D$3,D$3="",$A12=""),"",CORREL(INDEX(tblPiNAnalysis[[CCCM]:[WASH]],0,MATCH(D$3,tblPiNAnalysis[[#Headers],[CCCM]:[WASH]],0)),INDEX(tblPiNAnalysis[[CCCM]:[WASH]],0,MATCH($A12,tblPiNAnalysis[[#Headers],[CCCM]:[WASH]],0)))) -> #DIV/0! | E12: =IF(OR($A12=E$3,E$3="",$A12=""),"",CORREL(INDEX(tblPiNAnalysis[[CCCM]:[WASH]],0,MATCH(E$3,tblPiNAnalysis[[#Headers],[CCCM]:[WASH]],0)),INDEX(tblPiNAnalysis[[CCCM]:[WASH]],0,MATCH($A12,tblPiNAnalysis[[#Headers],[CCCM]:[WASH]],0)))) -> 0.72088895 | F12: =IF(OR($A12=F$3,F$3="",$A12=""),"",CORREL(INDEX(tblPiNAnalysis[[CCCM]:[WASH]],0,MATCH(F$3,tblPiNAnalysis[[#Headers],[CCCM]:[WASH]],0)),INDEX(tblPiNAnalysis[[CCCM]:[WASH]],0,MATCH($A12,tblPiNAnalysis[[#Headers],[CCCM]:[WASH]],0)))) -> 0.78065375 | G12: =IF(OR($A12=G$3,G$3="",$A12=""),"",CORREL(INDEX(tblPiNAnalysis[[CCCM]:[WASH]],0,MATCH(G$3,tblPiNAnalysis[[#Headers],[CCCM]:[WASH]],0)),INDEX(tblPiNAnalysis[[CCCM]:[WASH]],0,MATCH($A12,tblPiNAnalysis[[#Headers],[CCCM]:[WASH]],0)))) -> 0.64310301 | H12: =IF(OR($A12=H$3,H$3="",$A12=""),"",CORREL(INDEX(tblPiNAnalysis[[CCCM]:[WASH]],0,MATCH(H$3,tblPiNAnalysis[[#Headers],[CCCM]:[WASH]],0)),INDEX(tblPiNAnalysis[[CCCM]:[WASH]],0,MATCH($A12,tblPiNAnalysis[[#Headers],[CCCM]:[WASH]],0)))) -> 0.83496712 | I12: =IF(OR($A12=I$3,I$3="",$A12=""),"",CORREL(INDEX(tblPiNAnalysis[[CCCM]:[WASH]],0,MATCH(I$3,tblPiNAnalysis[[#Headers],[CCCM]:[WASH]],0)),INDEX(tblPiNAnalysis[[CCCM]:[WASH]],0,MATCH($A12,tblPiNAnalysis[[#Headers],[CCCM]:[WASH]],0)))) -> 0.70614072 | J12: =IF(OR($A12=J$3,J$3="",$A12=""),"",CORREL(INDEX(tblPiNAnalysis[[CCCM]:[WASH]],0,MATCH(J$3,tblPiNAnalysis[[#Headers],[CCCM]:[WASH]],0)),INDEX(tblPiNAnalysis[[CCCM]:[WASH]],0,MATCH($A12,tblPiNAnalysis[[#Headers],[CCCM]:[WASH]],0)))) | N12: WASH | O12: =IF(OR($N12=O$3,O$3="",$N12=""),"",CORREL(INDEX(tblSeverityAnalysis[[CCCM]:[WASH]],0,MATCH(O$3,tblSeverityAnalysis[[#Headers],[CCCM]:[WASH]],0)),INDEX(tblSeverityAnalysis[[CCCM]:[WASH]],0,MATCH($N12,tblSeverityAnalysis[[#Headers],[CCCM]:[WASH]],0)))) -> 0.10427947 | P12: =IF(OR($N12=P$3,P$3="",$N12=""),"",CORREL(INDEX(tblSeverityAnalysis[[CCCM]:[WASH]],0,MATCH(P$3,tblSeverityAnalysis[[#Headers],[CCCM]:[WASH]],0)),INDEX(tblSeverityAnalysis[[CCCM]:[WASH]],0,MATCH($N12,tblSeverityAnalysis[[#Headers],[CCCM]:[WASH]],0)))) -> 0.22574724 | Q12: =IF(OR($N12=Q$3,Q$3="",$N12=""),"",CORREL(INDEX(tblSeverityAnalysis[[CCCM]:[WASH]],0,MATCH(Q$3,tblSeverityAnalysis[[#Headers],[CCCM]:[WASH]],0)),INDEX(tblSeverityAnalysis[[CCCM]:[WASH]],0,MATCH($N12,tblSeverityAnalysis[[#Headers],[CCCM]:[WASH]],0)))) -> #DIV/0! | R12: =IF(OR($N12=R$3,R$3="",$N12=""),"",CORREL(INDEX(tblSeverityAnalysis[[CCCM]:[WASH]],0,MATCH(R$3,tblSeverityAnalysis[[#Headers],[CCCM]:[WASH]],0)),INDEX(tblSeverityAnalysis[[CCCM]:[WASH]],0,MATCH($N12,tblSeverityAnalysis[[#Headers],[CCCM]:[WASH]],0)))) -> 0.25800508 | S12: =IF(OR($N12=S$3,S$3="",$N12=""),"",CORREL(INDEX(tblSeverityAnalysis[[CCCM]:[WASH]],0,MATCH(S$3,tblSeverityAnalysis[[#Headers],[CCCM]:[WASH]],0)),INDEX(tblSeverityAnalysis[[CCCM]:[WASH]],0,MATCH($N12,tblSeverityAnalysis[[#Headers],[CCCM]:[WASH]],0)))) -> 0.24783209 | T12: =IF(OR($N12=T$3,T$3="",$N12=""),"",CORREL(INDEX(tblSeverityAnalysis[[CCCM]:[WASH]],0,MATCH(T$3,tblSeverityAnalysis[[#Headers],[CCCM]:[WASH]],0)),INDEX(tblSeverityAnalysis[[CCCM]:[WASH]],0,MATCH($N12,tblSeverityAnalysis[[#Headers],[CCCM]:[WASH]],0)))) -> 0.31137624 | U12: =IF(OR($N12=U$3,U$3="",$N12=""),"",CORREL(INDEX(tblSeverityAnalysis[[CCCM]:[WASH]],0,MATCH(U$3,tblSeverityAnalysis[[#Headers],[CCCM]:[WASH]],0)),INDEX(tblSeverityAnalysis[[CCCM]:[WASH]],0,MATCH($N12,tblSeverityAnalysis[[#Headers],[CCCM]:[WASH]],0)))) -> 0.55455665 | V12: =IF(OR($A12=V$3,V$3="",$A12=""),"",CORREL(INDEX(tblPiNAnalysis[[CCCM]:[WASH]],0,MATCH(V$3,tblPiNAnalysis[[#Headers],[CCCM]:[WASH]],0)),INDEX(tblPiNAnalysis[[CCCM]:[WASH]],0,MATCH($A12,tblPiNAnalysis[[#Headers],[CCCM]:[WASH]],0)))) -> 0.70614072 | W12: =IF(OR($A12=W$3,W$3="",$A12=""),"",CORREL(INDEX(tblPiNAnalysis[[CCCM]:[WASH]],0,MATCH(W$3,tblPiNAnalysis[[#Headers],[CCCM]:[WASH]],0)),INDEX(tblPiNAnalysis[[CCCM]:[WASH]],0,MATCH($A12,tblPiNAnalysis[[#Headers],[CCCM]:[WASH]],0))))
B13: =IF(OR($A13=B$3,B$3="",$A13=""),"",CORREL(INDEX(tblPiNAnalysis[[CCCM]:[WASH]],0,MATCH(B$3,tblPiNAnalysis[[#Headers],[CCCM]:[WASH]],0)),INDEX(tblPiNAnalysis[[CCCM]:[WASH]],0,MATCH($A13,tblPiNAnalysis[[#Headers],[CCCM]:[WASH]],0)))) | C13: =IF(OR($A13=C$3,C$3="",$A13=""),"",CORREL(INDEX(tblPiNAnalysis[[CCCM]:[WASH]],0,MATCH(C$3,tblPiNAnalysis[[#Headers],[CCCM]:[WASH]],0)),INDEX(tblPiNAnalysis[[CCCM]:[WASH]],0,MATCH($A13,tblPiNAnalysis[[#Headers],[CCCM]:[WASH]],0)))) | D13: =IF(OR($A13=D$3,D$3="",$A13=""),"",CORREL(INDEX(tblPiNAnalysis[[CCCM]:[WASH]],0,MATCH(D$3,tblPiNAnalysis[[#Headers],[CCCM]:[WASH]],0)),INDEX(tblPiNAnalysis[[CCCM]:[WASH]],0,MATCH($A13,tblPiNAnalysis[[#Headers],[CCCM]:[WASH]],0)))) | E13: =IF(OR($A13=E$3,E$3="",$A13=""),"",CORREL(INDEX(tblPiNAnalysis[[CCCM]:[WASH]],0,MATCH(E$3,tblPiNAnalysis[[#Headers],[CCCM]:[WASH]],0)),INDEX(tblPiNAnalysis[[CCCM]:[WASH]],0,MATCH($A13,tblPiNAnalysis[[#Headers],[CCCM]:[WASH]],0)))) | F13: =IF(OR($A13=F$3,F$3="",$A13=""),"",CORREL(INDEX(tblPiNAnalysis[[CCCM]:[WASH]],0,MATCH(F$3,tblPiNAnalysis[[#Headers],[CCCM]:[WASH]],0)),INDEX(tblPiNAnalysis[[CCCM]:[WASH]],0,MATCH($A13,tblPiNAnalysis[[#Headers],[CCCM]:[WASH]],0)))) | G13: =IF(OR($A13=G$3,G$3="",$A13=""),"",CORREL(INDEX(tblPiNAnalysis[[CCCM]:[WASH]],0,MATCH(G$3,tblPiNAnalysis[[#Headers],[CCCM]:[WASH]],0)),INDEX(tblPiNAnalysis[[CCCM]:[WASH]],0,MATCH($A13,tblPiNAnalysis[[#Headers],[CCCM]:[WASH]],0)))) | H13: =IF(OR($A13=H$3,H$3="",$A13=""),"",CORREL(INDEX(tblPiNAnalysis[[CCCM]:[WASH]],0,MATCH(H$3,tblPiNAnalysis[[#Headers],[CCCM]:[WASH]],0)),INDEX(tblPiNAnalysis[[CCCM]:[WASH]],0,MATCH($A13,tblPiNAnalysis[[#Headers],[CCCM]:[WASH]],0)))) | I13: =IF(OR($A13=I$3,I$3="",$A13=""),"",CORREL(INDEX(tblPiNAnalysis[[CCCM]:[WASH]],0,MATCH(I$3,tblPiNAnalysis[[#Headers],[CCCM]:[WASH]],0)),INDEX(tblPiNAnalysis[[CCCM]:[WASH]],0,MATCH($A13,tblPiNAnalysis[[#Headers],[CCCM]:[WASH]],0)))) | ... K13: =IF(OR($A13=K$3,K$3="",$A13=""),"",CORREL(INDEX(tblPiNAnalysis[[CCCM]:[WASH]],0,MATCH(K$3,tblPiNAnalysis[[#Headers],[CCCM]:[WASH]],0)),INDEX(tblPiNAnalysis[[CCCM]:[WASH]],0,MATCH($A13,tblPiNAnalysis[[#Headers],[CCCM]:[WASH]],0)))) | O13: =IF(OR($N13=O$3,O$3="",$N13=""),"",CORREL(INDEX(tblSeverityAnalysis[[CCCM]:[WASH]],0,MATCH(O$3,tblSeverityAnalysis[[#Headers],[CCCM]:[WASH]],0)),INDEX(tblSeverityAnalysis[[CCCM]:[WASH]],0,MATCH($N13,tblSeverityAnalysis[[#Headers],[CCCM]:[WASH]],0)))) | P13: =IF(OR($N13=P$3,P$3="",$N13=""),"",CORREL(INDEX(tblSeverityAnalysis[[CCCM]:[WASH]],0,MATCH(P$3,tblSeverityAnalysis[[#Headers],[CCCM]:[WASH]],0)),INDEX(tblSeverityAnalysis[[CCCM]:[WASH]],0,MATCH($N13,tblSeverityAnalysis[[#Headers],[CCCM]:[WASH]],0)))) | Q13: =IF(OR($N13=Q$3,Q$3="",$N13=""),"",CORREL(INDEX(tblSeverityAnalysis[[CCCM]:[WASH]],0,MATCH(Q$3,tblSeverityAnalysis[[#Headers],[CCCM]:[WASH]],0)),INDEX(tblSeverityAnalysis[[CCCM]:[WASH]],0,MATCH($N13,tblSeverityAnalysis[[#Headers],[CCCM]:[WASH]],0)))) | R13: =IF(OR($N13=R$3,R$3="",$N13=""),"",CORREL(INDEX(tblSeverityAnalysis[[CCCM]:[WASH]],0,MATCH(R$3,tblSeverityAnalysis[[#Headers],[CCCM]:[WASH]],0)),INDEX(tblSeverityAnalysis[[CCCM]:[WASH]],0,MATCH($N13,tblSeverityAnalysis[[#Headers],[CCCM]:[WASH]],0)))) | S13: =IF(OR($N13=S$3,S$3="",$N13=""),"",CORREL(INDEX(tblSeverityAnalysis[[CCCM]:[WASH]],0,MATCH(S$3,tblSeverityAnalysis[[#Headers],[CCCM]:[WASH]],0)),INDEX(tblSeverityAnalysis[[CCCM]:[WASH]],0,MATCH($N13,tblSeverityAnalysis[[#Headers],[CCCM]:[WASH]],0)))) | T13: =IF(OR($N13=T$3,T$3="",$N13=""),"",CORREL(INDEX(tblSeverityAnalysis[[CCCM]:[WASH]],0,MATCH(T$3,tblSeverityAnalysis[[#Headers],[CCCM]:[WASH]],0)),INDEX(tblSeverityAnalysis[[CCCM]:[WASH]],0,MATCH($N13,tblSeverityAnalysis[[#Headers],[CCCM]:[WASH]],0)))) | U13: =IF(OR($N13=U$3,U$3="",$N13=""),"",CORREL(INDEX(tblSeverityAnalysis[[CCCM]:[WASH]],0,MATCH(U$3,tblSeverityAnalysis[[#Headers],[CCCM]:[WASH]],0)),INDEX(tblSeverityAnalysis[[CCCM]:[WASH]],0,MATCH($N13,tblSeverityAnalysis[[#Headers],[CCCM]:[WASH]],0)))) | V13: =IF(OR($A13=V$3,V$3="",$A13=""),"",CORREL(INDEX(tblPiNAnalysis[[CCCM]:[WASH]],0,MATCH(V$3,tblPiNAnalysis[[#Headers],[CCCM]:[WASH]],0)),INDEX(tblPiNAnalysis[[CCCM]:[WASH]],0,MATCH($A13,tblPiNAnalysis[[#Headers],[CCCM]:[WASH]],0)))) | W13: =IF(OR($A13=W$3,W$3="",$A13=""),"",CORREL(INDEX(tblPiNAnalysis[[CCCM]:[WASH]],0,MATCH(W$3,tblPiNAnalysis[[#Headers],[CCCM]:[WASH]],0)),INDEX(tblPiNAnalysis[[CCCM]:[WASH]],0,MATCH($A13,tblPiNAnalysis[[#Headers],[CCCM]:[WASH]],0)))) | X13: =IF(OR($A13=X$3,X$3="",$A13=""),"",CORREL(INDEX(tblPiNAnalysis[[CCCM]:[WASH]],0,MATCH(X$3,tblPiNAnalysis[[#Headers],[CCCM]:[WASH]],0)),INDEX(tblPiNAnalysis[[CCCM]:[WASH]],0,MATCH($A13,tblPiNAnalysis[[#Headers],[CCCM]:[WASH]],0))))
B14: =IF(OR($A14=B$3,B$3="",$A14=""),"",CORREL(INDEX(tblPiNAnalysis[[CCCM]:[WASH]],0,MATCH(B$3,tblPiNAnalysis[[#Headers],[CCCM]:[WASH]],0)),INDEX(tblPiNAnalysis[[CCCM]:[WASH]],0,MATCH($A14,tblPiNAnalysis[[#Headers],[CCCM]:[WASH]],0)))) | C14: =IF(OR($A14=C$3,C$3="",$A14=""),"",CORREL(INDEX(tblPiNAnalysis[[CCCM]:[WASH]],0,MATCH(C$3,tblPiNAnalysis[[#Headers],[CCCM]:[WASH]],0)),INDEX(tblPiNAnalysis[[CCCM]:[WASH]],0,MATCH($A14,tblPiNAnalysis[[#Headers],[CCCM]:[WASH]],0)))) | D14: =IF(OR($A14=D$3,D$3="",$A14=""),"",CORREL(INDEX(tblPiNAnalysis[[CCCM]:[WASH]],0,MATCH(D$3,tblPiNAnalysis[[#Headers],[CCCM]:[WASH]],0)),INDEX(tblPiNAnalysis[[CCCM]:[WASH]],0,MATCH($A14,tblPiNAnalysis[[#Headers],[CCCM]:[WASH]],0)))) | E14: =IF(OR($A14=E$3,E$3="",$A14=""),"",CORREL(INDEX(tblPiNAnalysis[[CCCM]:[WASH]],0,MATCH(E$3,tblPiNAnalysis[[#Headers],[CCCM]:[WASH]],0)),INDEX(tblPiNAnalysis[[CCCM]:[WASH]],0,MATCH($A14,tblPiNAnalysis[[#Headers],[CCCM]:[WASH]],0)))) | F14: =IF(OR($A14=F$3,F$3="",$A14=""),"",CORREL(INDEX(tblPiNAnalysis[[CCCM]:[WASH]],0,MATCH(F$3,tblPiNAnalysis[[#Headers],[CCCM]:[WASH]],0)),INDEX(tblPiNAnalysis[[CCCM]:[WASH]],0,MATCH($A14,tblPiNAnalysis[[#Headers],[CCCM]:[WASH]],0)))) | G14: =IF(OR($A14=G$3,G$3="",$A14=""),"",CORREL(INDEX(tblPiNAnalysis[[CCCM]:[WASH]],0,MATCH(G$3,tblPiNAnalysis[[#Headers],[CCCM]:[WASH]],0)),INDEX(tblPiNAnalysis[[CCCM]:[WASH]],0,MATCH($A14,tblPiNAnalysis[[#Headers],[CCCM]:[WASH]],0)))) | H14: =IF(OR($A14=H$3,H$3="",$A14=""),"",CORREL(INDEX(tblPiNAnalysis[[CCCM]:[WASH]],0,MATCH(H$3,tblPiNAnalysis[[#Headers],[CCCM]:[WASH]],0)),INDEX(tblPiNAnalysis[[CCCM]:[WASH]],0,MATCH($A14,tblPiNAnalysis[[#Headers],[CCCM]:[WASH]],0)))) | I14: =IF(OR($A14=I$3,I$3="",$A14=""),"",CORREL(INDEX(tblPiNAnalysis[[CCCM]:[WASH]],0,MATCH(I$3,tblPiNAnalysis[[#Headers],[CCCM]:[WASH]],0)),INDEX(tblPiNAnalysis[[CCCM]:[WASH]],0,MATCH($A14,tblPiNAnalysis[[#Headers],[CCCM]:[WASH]],0)))) | ... L14: =IF(OR($A14=L$3,L$3="",$A14=""),"",CORREL(INDEX(tblPiNAnalysis[[CCCM]:[WASH]],0,MATCH(L$3,tblPiNAnalysis[[#Headers],[CCCM]:[WASH]],0)),INDEX(tblPiNAnalysis[[CCCM]:[WASH]],0,MATCH($A14,tblPiNAnalysis[[#Headers],[CCCM]:[WASH]],0)))) | O14: =IF(OR($N14=O$3,O$3="",$N14=""),"",CORREL(INDEX(tblSeverityAnalysis[[CCCM]:[WASH]],0,MATCH(O$3,tblSeverityAnalysis[[#Headers],[CCCM]:[WASH]],0)),INDEX(tblSeverityAnalysis[[CCCM]:[WASH]],0,MATCH($N14,tblSeverityAnalysis[[#Headers],[CCCM]:[WASH]],0)))) | P14: =IF(OR($N14=P$3,P$3="",$N14=""),"",CORREL(INDEX(tblSeverityAnalysis[[CCCM]:[WASH]],0,MATCH(P$3,tblSeverityAnalysis[[#Headers],[CCCM]:[WASH]],0)),INDEX(tblSeverityAnalysis[[CCCM]:[WASH]],0,MATCH($N14,tblSeverityAnalysis[[#Headers],[CCCM]:[WASH]],0)))) | Q14: =IF(OR($N14=Q$3,Q$3="",$N14=""),"",CORREL(INDEX(tblSeverityAnalysis[[CCCM]:[WASH]],0,MATCH(Q$3,tblSeverityAnalysis[[#Headers],[CCCM]:[WASH]],0)),INDEX(tblSeverityAnalysis[[CCCM]:[WASH]],0,MATCH($N14,tblSeverityAnalysis[[#Headers],[CCCM]:[WASH]],0)))) | R14: =IF(OR($N14=R$3,R$3="",$N14=""),"",CORREL(INDEX(tblSeverityAnalysis[[CCCM]:[WASH]],0,MATCH(R$3,tblSeverityAnalysis[[#Headers],[CCCM]:[WASH]],0)),INDEX(tblSeverityAnalysis[[CCCM]:[WASH]],0,MATCH($N14,tblSeverityAnalysis[[#Headers],[CCCM]:[WASH]],0)))) | S14: =IF(OR($N14=S$3,S$3="",$N14=""),"",CORREL(INDEX(tblSeverityAnalysis[[CCCM]:[WASH]],0,MATCH(S$3,tblSeverityAnalysis[[#Headers],[CCCM]:[WASH]],0)),INDEX(tblSeverityAnalysis[[CCCM]:[WASH]],0,MATCH($N14,tblSeverityAnalysis[[#Headers],[CCCM]:[WASH]],0)))) | T14: =IF(OR($N14=T$3,T$3="",$N14=""),"",CORREL(INDEX(tblSeverityAnalysis[[CCCM]:[WASH]],0,MATCH(T$3,tblSeverityAnalysis[[#Headers],[CCCM]:[WASH]],0)),INDEX(tblSeverityAnalysis[[CCCM]:[WASH]],0,MATCH($N14,tblSeverityAnalysis[[#Headers],[CCCM]:[WASH]],0)))) | U14: =IF(OR($N14=U$3,U$3="",$N14=""),"",CORREL(INDEX(tblSeverityAnalysis[[CCCM]:[WASH]],0,MATCH(U$3,tblSeverityAnalysis[[#Headers],[CCCM]:[WASH]],0)),INDEX(tblSeverityAnalysis[[CCCM]:[WASH]],0,MATCH($N14,tblSeverityAnalysis[[#Headers],[CCCM]:[WASH]],0)))) | V14: =IF(OR($A14=V$3,V$3="",$A14=""),"",CORREL(INDEX(tblPiNAnalysis[[CCCM]:[WASH]],0,MATCH(V$3,tblPiNAnalysis[[#Headers],[CCCM]:[WASH]],0)),INDEX(tblPiNAnalysis[[CCCM]:[WASH]],0,MATCH($A14,tblPiNAnalysis[[#Headers],[CCCM]:[WASH]],0)))) | W14: =IF(OR($A14=W$3,W$3="",$A14=""),"",CORREL(INDEX(tblPiNAnalysis[[CCCM]:[WASH]],0,MATCH(W$3,tblPiNAnalysis[[#Headers],[CCCM]:[WASH]],0)),INDEX(tblPiNAnalysis[[CCCM]:[WASH]],0,MATCH($A14,tblPiNAnalysis[[#Headers],[CCCM]:[WASH]],0)))) | X14: =IF(OR($A14=X$3,X$3="",$A14=""),"",CORREL(INDEX(tblPiNAnalysis[[CCCM]:[WASH]],0,MATCH(X$3,tblPiNAnalysis[[#Headers],[CCCM]:[WASH]],0)),INDEX(tblPiNAnalysis[[CCCM]:[WASH]],0,MATCH($A14,tblPiNAnalysis[[#Headers],[CCCM]:[WASH]],0)))) | Y14: =IF(OR($A14=Y$3,Y$3="",$A14=""),"",CORREL(INDEX(tblPiNAnalysis[[CCCM]:[WASH]],0,MATCH(Y$3,tblPiNAnalysis[[#Headers],[CCCM]:[WASH]],0)),INDEX(tblPiNAnalysis[[CCCM]:[WASH]],0,MATCH($A14,tblPiNAnalysis[[#Headers],[CCCM]:[WASH]],0))))

Sheet PiN & Sev - value overlapping
A1: Sectoral PiN values overlapping at unit level (they have a value in the same rounded percentage range) | N1: Sectoral severity values overlapping at unit level (they have the same severity phase)
B3: {=_xlfn.UNIQUE(tblPiNAnalysis[[#Headers],[CCCM]:[WASH]])} -> CCCM | C3: Education | D3: Early Recovery | E3: Food Security | F3: Heath | G3: Nutrition | H3: Overarching Protection | I3: Shelter | J3: WASH | O3: {=_xlfn.UNIQUE(tblSeverityAnalysis[[#Headers],[CCCM]:[WASH]])} -> CCCM | P3: Education | Q3: Early Recovery | R3: Food Security | S3: Health | T3: Nutrition | U3: Overarching Protection | V3: Shelter | W3: WASH
A4: {=TRANSPOSE(tblPiNAnalysis[[#Headers],[CCCM]:[WASH]])} -> CCCM | B4: {=IF(OR($A4=B$3,B$3="",$A4=""),"",SUM(IF(ROUND(INDEX(#REF!, 0, MATCH(_xlfn.CONCAT(B$3,"%"), #REF!, 0)), 1)=ROUND(INDEX(#REF!, 0, MATCH(_xlfn.CONCAT($A4,"%"), #REF!, 0)), 1), 1, 0)))} | N4: {=TRANSPOSE(tblSeverityAnalysis[[#Headers],[CCCM]:[WASH]])} -> CCCM | O4: {=IF(OR($N4=O$3,O$3="",$N4=""),"",SUM(IF(INDEX(tblSeverityAnalysis[[CCCM]:[WASH]],0,MATCH(O$3,tblSeverityAnalysis[[#Headers],[CCCM]:[WASH]],0))=INDEX(tblSeverityAnalysis[[CCCM]:[WASH]],0,MATCH($N4,tblSeverityAnalysis[[#Headers],[CCCM]:[WASH]],0)), 1, 0)))}
A5: Education | B5: {=IF(OR($A5=B$3,B$3="",$A5=""),"",SUM(IF(ROUND(INDEX(#REF!, 0, MATCH(_xlfn.CONCAT(B$3,"%"), #REF!, 0)), 1)=ROUND(INDEX(#REF!, 0, MATCH(_xlfn.CONCAT($A5,"%"), #REF!, 0)), 1), 1, 0)))} -> #REF! | C5: {=IF(OR($A5=C$3,C$3="",$A5=""),"",SUM(IF(ROUND(INDEX(#REF!, 0, MATCH(_xlfn.CONCAT(C$3,"%"), #REF!, 0)), 1)=ROUND(INDEX(#REF!, 0, MATCH(_xlfn.CONCAT($A5,"%"), #REF!, 0)), 1), 1, 0)))} | N5: Education | O5: {=IF(OR($N5=O$3,O$3="",$N5=""),"",SUM(IF(INDEX(tblSeverityAnalysis[[CCCM]:[WASH]],0,MATCH(O$3,tblSeverityAnalysis[[#Headers],[CCCM]:[WASH]],0))=INDEX(tblSeverityAnalysis[[CCCM]:[WASH]],0,MATCH($N5,tblSeverityAnalysis[[#Headers],[CCCM]:[WASH]],0)), 1, 0)))} -> 68 | P5: {=IF(OR($N5=P$3,P$3="",$N5=""),"",SUM(IF(INDEX(tblSeverityAnalysis[[CCCM]:[WASH]],0,MATCH(P$3,tblSeverityAnalysis[[#Headers],[CCCM]:[WASH]],0))=INDEX(tblSeverityAnalysis[[CCCM]:[WASH]],0,MATCH($N5,tblSeverityAnalysis[[#Headers],[CCCM]:[WASH]],0)), 1, 0)))}
A6: Early Recovery | B6: {=IF(OR($A6=B$3,B$3="",$A6=""),"",SUM(IF(ROUND(INDEX(#REF!, 0, MATCH(_xlfn.CONCAT(B$3,"%"), #REF!, 0)), 1)=ROUND(INDEX(#REF!, 0, MATCH(_xlfn.CONCAT($A6,"%"), #REF!, 0)), 1), 1, 0)))} -> #REF! | C6: {=IF(OR($A6=C$3,C$3="",$A6=""),"",SUM(IF(ROUND(INDEX(#REF!, 0, MATCH(_xlfn.CONCAT(C$3,"%"), #REF!, 0)), 1)=ROUND(INDEX(#REF!, 0, MATCH(_xlfn.CONCAT($A6,"%"), #REF!, 0)), 1), 1, 0)))} -> #REF! | D6: {=IF(OR($A6=D$3,D$3="",$A6=""),"",SUM(IF(ROUND(INDEX(#REF!, 0, MATCH(_xlfn.CONCAT(D$3,"%"), #REF!, 0)), 1)=ROUND(INDEX(#REF!, 0, MATCH(_xlfn.CONCAT($A6,"%"), #REF!, 0)), 1), 1, 0)))} | N6: Early Recovery | O6: {=IF(OR($N6=O$3,O$3="",$N6=""),"",SUM(IF(INDEX(tblSeverityAnalysis[[CCCM]:[WASH]],0,MATCH(O$3,tblSeverityAnalysis[[#Headers],[CCCM]:[WASH]],0))=INDEX(tblSeverityAnalysis[[CCCM]:[WASH]],0,MATCH($N6,tblSeverityAnalysis[[#Headers],[CCCM]:[WASH]],0)), 1, 0)))} -> 50 | P6: {=IF(OR($N6=P$3,P$3="",$N6=""),"",SUM(IF(INDEX(tblSeverityAnalysis[[CCCM]:[WASH]],0,MATCH(P$3,tblSeverityAnalysis[[#Headers],[CCCM]:[WASH]],0))=INDEX(tblSeverityAnalysis[[CCCM]:[WASH]],0,MATCH($N6,tblSeverityAnalysis[[#Headers],[CCCM]:[WASH]],0)), 1, 0)))} -> 46 | Q6: {=IF(OR($N6=Q$3,Q$3="",$N6=""),"",SUM(IF(INDEX(tblSeverityAnalysis[[CCCM]:[WASH]],0,MATCH(Q$3,tblSeverityAnalysis[[#Headers],[CCCM]:[WASH]],0))=INDEX(tblSeverityAnalysis[[CCCM]:[WASH]],0,MATCH($N6,tblSeverityAnalysis[[#Headers],[CCCM]:[WASH]],0)), 1, 0)))}
A7: Food Security | B7: {=IF(OR($A7=B$3,B$3="",$A7=""),"",SUM(IF(ROUND(INDEX(#REF!, 0, MATCH(_xlfn.CONCAT(B$3,"%"), #REF!, 0)), 1)=ROUND(INDEX(#REF!, 0, MATCH(_xlfn.CONCAT($A7,"%"), #REF!, 0)), 1), 1, 0)))} -> #REF! | C7: {=IF(OR($A7=C$3,C$3="",$A7=""),"",SUM(IF(ROUND(INDEX(#REF!, 0, MATCH(_xlfn.CONCAT(C$3,"%"), #REF!, 0)), 1)=ROUND(INDEX(#REF!, 0, MATCH(_xlfn.CONCAT($A7,"%"), #REF!, 0)), 1), 1, 0)))} -> #REF! | D7: {=IF(OR($A7=D$3,D$3="",$A7=""),"",SUM(IF(ROUND(INDEX(#REF!, 0, MATCH(_xlfn.CONCAT(D$3,"%"), #REF!, 0)), 1)=ROUND(INDEX(#REF!, 0, MATCH(_xlfn.CONCAT($A7,"%"), #REF!, 0)), 1), 1, 0)))} -> #REF! | E7: {=IF(OR($A7=E$3,E$3="",$A7=""),"",SUM(IF(ROUND(INDEX(#REF!, 0, MATCH(_xlfn.CONCAT(E$3,"%"), #REF!, 0)), 1)=ROUND(INDEX(#REF!, 0, MATCH(_xlfn.CONCAT($A7,"%"), #REF!, 0)), 1), 1, 0)))} | N7: Food Security | O7: {=IF(OR($N7=O$3,O$3="",$N7=""),"",SUM(IF(INDEX(tblSeverityAnalysis[[CCCM]:[WASH]],0,MATCH(O$3,tblSeverityAnalysis[[#Headers],[CCCM]:[WASH]],0))=INDEX(tblSeverityAnalysis[[CCCM]:[WASH]],0,MATCH($N7,tblSeverityAnalysis[[#Headers],[CCCM]:[WASH]],0)), 1, 0)))} -> 56 | P7: {=IF(OR($N7=P$3,P$3="",$N7=""),"",SUM(IF(INDEX(tblSeverityAnalysis[[CCCM]:[WASH]],0,MATCH(P$3,tblSeverityAnalysis[[#Headers],[CCCM]:[WASH]],0))=INDEX(tblSeverityAnalysis[[CCCM]:[WASH]],0,MATCH($N7,tblSeverityAnalysis[[#Headers],[CCCM]:[WASH]],0)), 1, 0)))} -> 72 | Q7: {=IF(OR($N7=Q$3,Q$3="",$N7=""),"",SUM(IF(INDEX(tblSeverityAnalysis[[CCCM]:[WASH]],0,MATCH(Q$3,tblSeverityAnalysis[[#Headers],[CCCM]:[WASH]],0))=INDEX(tblSeverityAnalysis[[CCCM]:[WASH]],0,MATCH($N7,tblSeverityAnalysis[[#Headers],[CCCM]:[WASH]],0)), 1, 0)))} -> 50 | R7: {=IF(OR($N7=R$3,R$3="",$N7=""),"",SUM(IF(INDEX(tblSeverityAnalysis[[CCCM]:[WASH]],0,MATCH(R$3,tblSeverityAnalysis[[#Headers],[CCCM]:[WASH]],0))=INDEX(tblSeverityAnalysis[[CCCM]:[WASH]],0,MATCH($N7,tblSeverityAnalysis[[#Headers],[CCCM]:[WASH]],0)), 1, 0)))}
A8: Heath | B8: {=IF(OR($A8=B$3,B$3="",$A8=""),"",SUM(IF(ROUND(INDEX(#REF!, 0, MATCH(_xlfn.CONCAT(B$3,"%"), #REF!, 0)), 1)=ROUND(INDEX(#REF!, 0, MATCH(_xlfn.CONCAT($A8,"%"), #REF!, 0)), 1), 1, 0)))} -> #REF! | C8: {=IF(OR($A8=C$3,C$3="",$A8=""),"",SUM(IF(ROUND(INDEX(#REF!, 0, MATCH(_xlfn.CONCAT(C$3,"%"), #REF!, 0)), 1)=ROUND(INDEX(#REF!, 0, MATCH(_xlfn.CONCAT($A8,"%"), #REF!, 0)), 1), 1, 0)))} -> #REF! | D8: {=IF(OR($A8=D$3,D$3="",$A8=""),"",SUM(IF(ROUND(INDEX(#REF!, 0, MATCH(_xlfn.CONCAT(D$3,"%"), #REF!, 0)), 1)=ROUND(INDEX(#REF!, 0, MATCH(_xlfn.CONCAT($A8,"%"), #REF!, 0)), 1), 1, 0)))} -> #REF! | E8: {=IF(OR($A8=E$3,E$3="",$A8=""),"",SUM(IF(ROUND(INDEX(#REF!, 0, MATCH(_xlfn.CONCAT(E$3,"%"), #REF!, 0)), 1)=ROUND(INDEX(#REF!, 0, MATCH(_xlfn.CONCAT($A8,"%"), #REF!, 0)), 1), 1, 0)))} -> #REF! | F8: {=IF(OR($A8=F$3,F$3="",$A8=""),"",SUM(IF(ROUND(INDEX(#REF!, 0, MATCH(_xlfn.CONCAT(F$3,"%"), #REF!, 0)), 1)=ROUND(INDEX(#REF!, 0, MATCH(_xlfn.CONCAT($A8,"%"), #REF!, 0)), 1), 1, 0)))} | N8: Health | O8: {=IF(OR($N8=O$3,O$3="",$N8=""),"",SUM(IF(INDEX(tblSeverityAnalysis[[CCCM]:[WASH]],0,MATCH(O$3,tblSeverityAnalysis[[#Headers],[CCCM]:[WASH]],0))=INDEX(tblSeverityAnalysis[[CCCM]:[WASH]],0,MATCH($N8,tblSeverityAnalysis[[#Headers],[CCCM]:[WASH]],0)), 1, 0)))} -> 57 | P8: {=IF(OR($N8=P$3,P$3="",$N8=""),"",SUM(IF(INDEX(tblSeverityAnalysis[[CCCM]:[WASH]],0,MATCH(P$3,tblSeverityAnalysis[[#Headers],[CCCM]:[WASH]],0))=INDEX(tblSeverityAnalysis[[CCCM]:[WASH]],0,MATCH($N8,tblSeverityAnalysis[[#Headers],[CCCM]:[WASH]],0)), 1, 0)))} -> 75 | Q8: {=IF(OR($N8=Q$3,Q$3="",$N8=""),"",SUM(IF(INDEX(tblSeverityAnalysis[[CCCM]:[WASH]],0,MATCH(Q$3,tblSeverityAnalysis[[#Headers],[CCCM]:[WASH]],0))=INDEX(tblSeverityAnalysis[[CCCM]:[WASH]],0,MATCH($N8,tblSeverityAnalysis[[#Headers],[CCCM]:[WASH]],0)), 1, 0)))} -> 46 | R8: {=IF(OR($N8=R$3,R$3="",$N8=""),"",SUM(IF(INDEX(tblSeverityAnalysis[[CCCM]:[WASH]],0,MATCH(R$3,tblSeverityAnalysis[[#Headers],[CCCM]:[WASH]],0))=INDEX(tblSeverityAnalysis[[CCCM]:[WASH]],0,MATCH($N8,tblSeverityAnalysis[[#Headers],[CCCM]:[WASH]],0)), 1, 0)))} -> 76 | S8: {=IF(OR($N8=S$3,S$3="",$N8=""),"",SUM(IF(INDEX(tblSeverityAnalysis[[CCCM]:[WASH]],0,MATCH(S$3,tblSeverityAnalysis[[#Headers],[CCCM]:[WASH]],0))=INDEX(tblSeverityAnalysis[[CCCM]:[WASH]],0,MATCH($N8,tblSeverityAnalysis[[#Headers],[CCCM]:[WASH]],0)), 1, 0)))}
A9: Nutrition | B9: {=IF(OR($A9=B$3,B$3="",$A9=""),"",SUM(IF(ROUND(INDEX(#REF!, 0, MATCH(_xlfn.CONCAT(B$3,"%"), #REF!, 0)), 1)=ROUND(INDEX(#REF!, 0, MATCH(_xlfn.CONCAT($A9,"%"), #REF!, 0)), 1), 1, 0)))} -> #REF! | C9: {=IF(OR($A9=C$3,C$3="",$A9=""),"",SUM(IF(ROUND(INDEX(#REF!, 0, MATCH(_xlfn.CONCAT(C$3,"%"), #REF!, 0)), 1)=ROUND(INDEX(#REF!, 0, MATCH(_xlfn.CONCAT($A9,"%"), #REF!, 0)), 1), 1, 0)))} -> #REF! | D9: {=IF(OR($A9=D$3,D$3="",$A9=""),"",SUM(IF(ROUND(INDEX(#REF!, 0, MATCH(_xlfn.CONCAT(D$3,"%"), #REF!, 0)), 1)=ROUND(INDEX(#REF!, 0, MATCH(_xlfn.CONCAT($A9,"%"), #REF!, 0)), 1), 1, 0)))} -> #REF! | E9: {=IF(OR($A9=E$3,E$3="",$A9=""),"",SUM(IF(ROUND(INDEX(#REF!, 0, MATCH(_xlfn.CONCAT(E$3,"%"), #REF!, 0)), 1)=ROUND(INDEX(#REF!, 0, MATCH(_xlfn.CONCAT($A9,"%"), #REF!, 0)), 1), 1, 0)))} -> #REF! | F9: {=IF(OR($A9=F$3,F$3="",$A9=""),"",SUM(IF(ROUND(INDEX(#REF!, 0, MATCH(_xlfn.CONCAT(F$3,"%"), #REF!, 0)), 1)=ROUND(INDEX(#REF!, 0, MATCH(_xlfn.CONCAT($A9,"%"), #REF!, 0)), 1), 1, 0)))} -> #REF! | G9: {=IF(OR($A9=G$3,G$3="",$A9=""),"",SUM(IF(ROUND(INDEX(#REF!, 0, MATCH(_xlfn.CONCAT(G$3,"%"), #REF!, 0)), 1)=ROUND(INDEX(#REF!, 0, MATCH(_xlfn.CONCAT($A9,"%"), #REF!, 0)), 1), 1, 0)))} | N9: Nutrition | O9: {=IF(OR($N9=O$3,O$3="",$N9=""),"",SUM(IF(INDEX(tblSeverityAnalysis[[CCCM]:[WASH]],0,MATCH(O$3,tblSeverityAnalysis[[#Headers],[CCCM]:[WASH]],0))=INDEX(tblSeverityAnalysis[[CCCM]:[WASH]],0,MATCH($N9,tblSeverityAnalysis[[#Headers],[CCCM]:[WASH]],0)), 1, 0)))} -> 59 | P9: {=IF(OR($N9=P$3,P$3="",$N9=""),"",SUM(IF(INDEX(tblSeverityAnalysis[[CCCM]:[WASH]],0,MATCH(P$3,tblSeverityAnalysis[[#Headers],[CCCM]:[WASH]],0))=INDEX(tblSeverityAnalysis[[CCCM]:[WASH]],0,MATCH($N9,tblSeverityAnalysis[[#Headers],[CCCM]:[WASH]],0)), 1, 0)))} -> 74 | Q9: {=IF(OR($N9=Q$3,Q$3="",$N9=""),"",SUM(IF(INDEX(tblSeverityAnalysis[[CCCM]:[WASH]],0,MATCH(Q$3,tblSeverityAnalysis[[#Headers],[CCCM]:[WASH]],0))=INDEX(tblSeverityAnalysis[[CCCM]:[WASH]],0,MATCH($N9,tblSeverityAnalysis[[#Headers],[CCCM]:[WASH]],0)), 1, 0)))} -> 46 | R9: {=IF(OR($N9=R$3,R$3="",$N9=""),"",SUM(IF(INDEX(tblSeverityAnalysis[[CCCM]:[WASH]],0,MATCH(R$3,tblSeverityAnalysis[[#Headers],[CCCM]:[WASH]],0))=INDEX(tblSeverityAnalysis[[CCCM]:[WASH]],0,MATCH($N9,tblSeverityAnalysis[[#Headers],[CCCM]:[WASH]],0)), 1, 0)))} -> 69 | S9: {=IF(OR($N9=S$3,S$3="",$N9=""),"",SUM(IF(INDEX(tblSeverityAnalysis[[CCCM]:[WASH]],0,MATCH(S$3,tblSeverityAnalysis[[#Headers],[CCCM]:[WASH]],0))=INDEX(tblSeverityAnalysis[[CCCM]:[WASH]],0,MATCH($N9,tblSeverityAnalysis[[#Headers],[CCCM]:[WASH]],0)), 1, 0)))} -> 83 | T9: {=IF(OR($N9=T$3,T$3="",$N9=""),"",SUM(IF(INDEX(tblSeverityAnalysis[[CCCM]:[WASH]],0,MATCH(T$3,tblSeverityAnalysis[[#Headers],[CCCM]:[WASH]],0))=INDEX(tblSeverityAnalysis[[CCCM]:[WASH]],0,MATCH($N9,tblSeverityAnalysis[[#Headers],[CCCM]:[WASH]],0)), 1, 0)))}
A10: Overarching Protection | B10: {=IF(OR($A10=B$3,B$3="",$A10=""),"",SUM(IF(ROUND(INDEX(#REF!, 0, MATCH(_xlfn.CONCAT(B$3,"%"), #REF!, 0)), 1)=ROUND(INDEX(#REF!, 0, MATCH(_xlfn.CONCAT($A10,"%"), #REF!, 0)), 1), 1, 0)))} -> #REF! | C10: {=IF(OR($A10=C$3,C$3="",$A10=""),"",SUM(IF(ROUND(INDEX(#REF!, 0, MATCH(_xlfn.CONCAT(C$3,"%"), #REF!, 0)), 1)=ROUND(INDEX(#REF!, 0, MATCH(_xlfn.CONCAT($A10,"%"), #REF!, 0)), 1), 1, 0)))} -> #REF! | D10: {=IF(OR($A10=D$3,D$3="",$A10=""),"",SUM(IF(ROUND(INDEX(#REF!, 0, MATCH(_xlfn.CONCAT(D$3,"%"), #REF!, 0)), 1)=ROUND(INDEX(#REF!, 0, MATCH(_xlfn.CONCAT($A10,"%"), #REF!, 0)), 1), 1, 0)))} -> #REF! | E10: {=IF(OR($A10=E$3,E$3="",$A10=""),"",SUM(IF(ROUND(INDEX(#REF!, 0, MATCH(_xlfn.CONCAT(E$3,"%"), #REF!, 0)), 1)=ROUND(INDEX(#REF!, 0, MATCH(_xlfn.CONCAT($A10,"%"), #REF!, 0)), 1), 1, 0)))} -> #REF! | F10: {=IF(OR($A10=F$3,F$3="",$A10=""),"",SUM(IF(ROUND(INDEX(#REF!, 0, MATCH(_xlfn.CONCAT(F$3,"%"), #REF!, 0)), 1)=ROUND(INDEX(#REF!, 0, MATCH(_xlfn.CONCAT($A10,"%"), #REF!, 0)), 1), 1, 0)))} -> #REF! | G10: {=IF(OR($A10=G$3,G$3="",$A10=""),"",SUM(IF(ROUND(INDEX(#REF!, 0, MATCH(_xlfn.CONCAT(G$3,"%"), #REF!, 0)), 1)=ROUND(INDEX(#REF!, 0, MATCH(_xlfn.CONCAT($A10,"%"), #REF!, 0)), 1), 1, 0)))} -> #REF! | H10: {=IF(OR($A10=H$3,H$3="",$A10=""),"",SUM(IF(ROUND(INDEX(#REF!, 0, MATCH(_xlfn.CONCAT(H$3,"%"), #REF!, 0)), 1)=ROUND(INDEX(#REF!, 0, MATCH(_xlfn.CONCAT($A10,"%"), #REF!, 0)), 1), 1, 0)))} | N10: Overarching Protection | O10: {=IF(OR($N10=O$3,O$3="",$N10=""),"",SUM(IF(INDEX(tblSeverityAnalysis[[CCCM]:[WASH]],0,MATCH(O$3,tblSeverityAnalysis[[#Headers],[CCCM]:[WASH]],0))=INDEX(tblSeverityAnalysis[[CCCM]:[WASH]],0,MATCH($N10,tblSeverityAnalysis[[#Headers],[CCCM]:[WASH]],0)), 1, 0)))} -> 58 | P10: {=IF(OR($N10=P$3,P$3="",$N10=""),"",SUM(IF(INDEX(tblSeverityAnalysis[[CCCM]:[WASH]],0,MATCH(P$3,tblSeverityAnalysis[[#Headers],[CCCM]:[WASH]],0))=INDEX(tblSeverityAnalysis[[CCCM]:[WASH]],0,MATCH($N10,tblSeverityAnalysis[[#Headers],[CCCM]:[WASH]],0)), 1, 0)))} -> 72 | Q10: {=IF(OR($N10=Q$3,Q$3="",$N10=""),"",SUM(IF(INDEX(tblSeverityAnalysis[[CCCM]:[WASH]],0,MATCH(Q$3,tblSeverityAnalysis[[#Headers],[CCCM]:[WASH]],0))=INDEX(tblSeverityAnalysis[[CCCM]:[WASH]],0,MATCH($N10,tblSeverityAnalysis[[#Headers],[CCCM]:[WASH]],0)), 1, 0)))} -> 46 | R10: {=IF(OR($N10=R$3,R$3="",$N10=""),"",SUM(IF(INDEX(tblSeverityAnalysis[[CCCM]:[WASH]],0,MATCH(R$3,tblSeverityAnalysis[[#Headers],[CCCM]:[WASH]],0))=INDEX(tblSeverityAnalysis[[CCCM]:[WASH]],0,MATCH($N10,tblSeverityAnalysis[[#Headers],[CCCM]:[WASH]],0)), 1, 0)))} -> 64 | S10: {=IF(OR($N10=S$3,S$3="",$N10=""),"",SUM(IF(INDEX(tblSeverityAnalysis[[CCCM]:[WASH]],0,MATCH(S$3,tblSeverityAnalysis[[#Headers],[CCCM]:[WASH]],0))=INDEX(tblSeverityAnalysis[[CCCM]:[WASH]],0,MATCH($N10,tblSeverityAnalysis[[#Headers],[CCCM]:[WASH]],0)), 1, 0)))} -> 73 | T10: {=IF(OR($N10=T$3,T$3="",$N10=""),"",SUM(IF(INDEX(tblSeverityAnalysis[[CCCM]:[WASH]],0,MATCH(T$3,tblSeverityAnalysis[[#Headers],[CCCM]:[WASH]],0))=INDEX(tblSeverityAnalysis[[CCCM]:[WASH]],0,MATCH($N10,tblSeverityAnalysis[[#Headers],[CCCM]:[WASH]],0)), 1, 0)))} -> 74 | U10: {=IF(OR($N10=U$3,U$3="",$N10=""),"",SUM(IF(INDEX(tblSeverityAnalysis[[CCCM]:[WASH]],0,MATCH(U$3,tblSeverityAnalysis[[#Headers],[CCCM]:[WASH]],0))=INDEX(tblSeverityAnalysis[[CCCM]:[WASH]],0,MATCH($N10,tblSeverityAnalysis[[#Headers],[CCCM]:[WASH]],0)), 1, 0)))}
